23349,0.01,-0.04,1.02
23375,0.01,-0.04,1.01
23402,0,-0.04,1.01
23429,0,-0.04,1.02
23455,0.01,-0.04,1.01
23482,0,-0.04,1.02
23508,0.01,-0.04,1.01
23535,0,-0.04,1.01
23563,0.01,-0.04,1.02
23589,0,-0.04,1.01
23616,0,-0.04,1.01
23643,0,-0.04,1.02
23670,0,-0.04,1.01
23697,0,-0.05,1.01
23724,0,-0.04,1.01
23751,0.01,-0.03,1.01
23778,0.01,-0.04,1.02
23804,0.01,-0.04,1.01
23831,0,-0.04,1.01
23858,0.01,-0.04,1.02
23884,0.01,-0.04,1.01
23911,0,-0.04,1.01
23939,0,-0.04,1.01
23965,0.01,-0.04,1.02
23992,0.01,-0.04,1.01
24018,0.01,-0.04,1.02
24045,0.01,-0.04,1.01
24072,0.01,-0.04,1.02
24099,0.01,-0.04,1.02
24126,0.01,-0.03,1.01
24153,0.01,-0.04,1.01
24179,0.01,-0.05,1.01
24206,0,-0.04,1.03
24232,0.01,-0.04,1.02
24260,0,-0.04,1.02
24287,0,-0.04,1.02
24313,0,-0.04,1.02
24340,0,-0.04,1.01
24367,0,-0.04,1.02
24393,0,-0.04,1.02
24422,0,-0.03,1.02
24449,0.01,-0.04,1.02
24475,0,-0.04,1.02
24502,0.01,-0.04,1.01
24528,0,-0.04,1.02
24555,0.01,-0.04,1.01
24582,0.01,-0.04,1.01
24609,0.01,-0.04,1.02
24636,0.01,-0.03,1.01
24663,0,-0.03,1.02
24689,0.01,-0.04,1.01
24716,0,-0.04,1.02
24742,0,-0.04,1.01
24771,0,-0.04,1.01
24799,0,-0.03,1.02
24825,0.01,-0.04,1.02
24852,0.01,-0.04,1.03
24879,0.01,-0.04,1.02
24905,0,-0.03,1.01
24933,0.01,-0.03,1.02
24960,0,-0.04,1.01
24986,0.01,-0.04,1.02
25013,0.01,-0.04,1.01
25039,0,-0.04,1.01
25066,0.01,-0.04,1.02
25094,0.01,-0.04,1.03
25120,0.01,-0.04,1.01
25147,0.01,-0.04,1.02
25174,0.01,-0.04,1.01
25200,0.01,-0.04,1.01
25227,0.01,-0.04,1.02
25254,0,-0.03,1.02
25281,0.01,-0.04,1.02
25308,0.01,-0.04,1.02
25334,0.01,-0.04,1.01
25361,0.01,-0.04,1.01
25388,0.01,-0.04,1.02
25414,0.01,-0.04,1.02
25442,0.01,-0.04,1.03
25468,0.01,-0.04,1.01
25495,0,-0.03,1.02
25522,0,-0.03,1.02
25548,0.01,-0.04,1.02
25575,0,-0.04,1.02
25603,0,-0.04,1.02
25629,0.01,-0.04,1.01
25656,0.01,-0.04,1.02
25682,0,-0.04,1.02
25709,0,-0.04,1.01
25736,0.01,-0.04,1.02
25763,0.01,-0.04,1.01
25790,0,-0.05,1.02
25817,0.01,-0.04,1.01
25843,0.01,-0.04,1.02
25870,0.01,-0.04,1.01
25896,0,-0.04,1.02
25923,0.01,-0.04,1.01
25951,0,-0.04,1.01
25977,0.01,-0.04,1.01
26004,0.01,-0.04,1.02
26031,0,-0.04,1.02
26057,0.01,-0.03,1.01
26084,0.01,-0.04,1.01
26112,0.01,-0.04,1.01
26138,0.01,-0.04,1.01
26165,0,-0.03,1.02
26191,0.01,-0.03,1.01
26218,0.01,-0.04,1.01
26245,0.01,-0.04,1.01
26272,0.01,-0.04,1.01
26299,0,-0.03,1.01
26326,0,-0.04,1.01
26352,0.01,-0.04,1.02
26379,0.01,-0.04,1.02
26405,0,-0.04,1.01
26432,0,-0.04,1.01
26461,0,-0.03,1.01
26487,0.01,-0.04,1.03
26514,0.01,-0.04,1.01
26541,0.01,-0.04,1.01
26567,0.01,-0.04,1.01
26594,0.01,-0.04,1.02
26620,0.01,-0.04,1.02
26648,0.01,-0.03,1.02
26675,0,-0.04,1.01
26701,0,-0.04,1.02
26728,0.01,-0.03,1.01
26755,0.01,-0.03,1.01
26781,0,-0.04,1.01
26809,0.01,-0.04,1.01
26835,0.01,-0.04,1.02
26862,0.01,-0.04,1.01
26889,0.01,-0.03,1.02
26915,0.01,-0.04,1.02
26942,0,-0.04,1.02
26970,0,-0.04,1.02
26996,0,-0.04,1.02
27023,0.01,-0.03,1.02
27049,0.02,-0.04,1.02
27076,0,-0.04,1.02
27103,0,-0.04,1.01
27130,0,-0.03,1.01
27157,0.01,-0.04,1.01
27184,0,-0.05,1.02
27210,0,-0.04,1.01
27237,0.01,-0.04,1.01
27264,0.01,-0.03,1.01
27290,0.01,-0.04,1.02
27317,0.01,-0.04,1.01
27344,0,-0.04,1.01
27372,0.01,-0.04,1.02
27399,0,-0.03,1.02
27425,0,-0.04,1.03
27452,0.01,-0.03,1.02
27479,0.01,-0.04,1.01
27506,0.01,-0.04,1.01
27533,0,-0.04,1.02
27559,0,-0.04,1.02
27586,0.01,-0.04,1.02
27613,0,-0.04,1.01
27639,0.01,-0.04,1.02
27666,0,-0.04,1.01
27694,0.01,-0.04,1.01
27720,0.01,-0.04,1.01
27747,0,-0.04,1.01
27773,0.01,-0.04,1.02
27800,0.01,-0.04,1.01
27827,0,-0.04,1.02
27854,0.01,-0.05,1.02
27881,0,-0.04,1.01
27908,0,-0.03,1.02
27935,0.01,-0.04,1.02
27962,0.01,-0.04,1.02
27988,0,-0.04,1.02
28016,0.01,-0.04,1.01
28043,0.01,-0.04,1.02
28069,0.01,-0.04,1.01
28096,0.01,-0.04,1.02
28123,0.01,-0.04,1.01
28149,0.01,-0.04,1.01
28177,0.01,-0.04,1.01
28204,0.01,-0.04,1
28230,0,-0.03,1.03
28257,0.01,-0.04,1.02
28283,0.01,-0.04,1.02
28310,0.01,-0.04,1.02
28338,0.01,-0.04,1.01
28364,0,-0.04,1.02
28391,0.01,-0.04,1.02
28418,0.01,-0.04,1.02
28444,0,-0.04,1.01
28471,0,-0.04,1.01
28497,0.01,-0.04,1.02
28525,0,-0.04,1.01
28552,0.01,-0.04,1
28578,0,-0.04,1
28605,0,-0.04,1.01
28633,0.01,-0.04,1.02
28659,0,-0.04,1.02
28687,0,-0.04,1.02
28713,0.01,-0.04,1.01
28740,0.01,-0.04,1.02
28767,0,-0.04,1.02
28793,0,-0.04,1.01
28820,0,-0.04,1.01
28847,0,-0.04,1.01
28874,0.01,-0.04,1.02
28901,0,-0.04,1.02
28928,0,-0.04,1.01
28954,0.01,-0.04,1.01
28981,0.01,-0.04,1.01
29007,0.01,-0.04,1.02
29035,0,-0.04,1.02
29063,0,-0.04,1.01
29089,0.01,-0.03,1.01
29116,0.01,-0.04,1.02
29143,0.01,-0.04,1.02
29169,0,-0.04,1.01
29197,0.01,-0.04,1.02
29223,0.01,-0.04,1.02
29250,0,-0.04,1.02
29277,0.01,-0.04,1.02
29303,0,-0.04,1.01
29330,0.01,-0.04,1.02
29358,0.01,-0.04,1.02
29384,0,-0.04,1.01
29411,0,-0.04,1.02
29437,0,-0.04,1.01
29464,0,-0.04,1.01
29491,0,-0.04,1.01
29517,0,-0.04,1.02
29545,0.01,-0.04,1.02
29572,0,-0.04,1.02
29598,0.01,-0.04,1.01
29625,0,-0.04,1.02
29651,0.01,-0.03,1.02
29678,0.01,-0.03,1.01
29706,0,-0.04,1.01
29732,0,-0.04,1.01
29759,0.01,-0.03,1.01
29786,0.01,-0.04,1.02
29812,0.01,-0.04,1.01
29839,0.01,-0.04,1.02
29867,0,-0.04,1.02
29893,0,-0.04,1.02
29920,0.01,-0.05,1.02
29946,0,-0.04,1.02
29973,0.01,-0.04,1.01
30000,0,-0.04,1.02
30026,0,-0.04,1.02
30053,0,-0.04,1.02
30081,0.01,-0.03,1.01
30107,0,-0.04,1.01
30135,0.01,-0.04,1.02
30161,0,-0.04,1.01
30188,0,-0.04,1.01
30215,0.01,-0.04,1.01
30242,0.01,-0.04,1.02
30269,0,-0.04,1.01
30296,0.01,-0.04,1.02
30322,0.01,-0.04,1.02
30349,0.01,-0.03,1.02
30375,0,-0.04,1.02
30403,0.01,-0.03,1.02
30430,0.01,-0.04,1.01
30456,0.01,-0.03,1.01
30483,0,-0.04,1.01
30511,0.01,-0.04,1.02
30537,0.01,-0.04,1.02
30565,0,-0.04,1.02
30592,0.01,-0.05,1.01
30618,0,-0.04,1.02
30645,0,-0.04,1.03
30671,0,-0.03,1.02
30699,0.01,-0.04,1.01
30727,0.01,-0.04,1.01
30753,0.01,-0.04,1.02
30780,0,-0.04,1.02
30807,0.01,-0.04,1.01
30833,0,-0.04,1.01
30860,0,-0.04,1.02
30888,0.01,-0.04,1.01
30915,0,-0.04,1.02
30942,0,-0.04,1.02
30968,0,-0.04,1.01
30995,0.01,-0.04,1.02
31022,0,-0.04,1.01
31050,0,-0.04,1.02
31077,0.01,-0.03,1.02
31104,0.01,-0.04,1.01
31130,0,-0.04,1.01
31157,0,-0.04,1.02
31183,0.01,-0.04,1.01
31210,0,-0.04,1.02
31238,0,-0.04,1.01
31264,0,-0.04,1.01
31291,0.01,-0.04,1.01
31318,0,-0.04,1.01
31344,0.01,-0.04,1.01
31371,0.01,-0.04,1.02
31398,0.01,-0.04,1.02
31425,0,-0.04,1.02
31452,0,-0.04,1.02
31478,0.01,-0.04,1.02
31505,0.01,-0.04,1.01
31532,0,-0.04,1.02
31560,0.01,-0.04,1.02
31587,0,-0.04,1.02
31613,0.01,-0.04,1.02
31640,0,-0.04,1.01
31667,0.01,-0.04,1.02
31693,0.01,-0.04,1.02
31721,0.01,-0.04,1.01
31748,0,-0.04,1.01
31774,0.01,-0.04,1.02
31801,0,-0.04,1.01
31827,0.01,-0.04,1.01
31854,0.01,-0.04,1.02
31881,0,-0.04,1.02
31908,0,-0.04,1
31936,0,-0.04,1.02
31963,0,-0.04,1.02
31989,0,-0.04,1.01
32017,0,-0.04,1.02
32044,0.01,-0.04,1
32071,0.01,-0.03,1.01
32098,0,-0.04,1.02
32124,0.01,-0.04,1.02
32151,0,-0.04,1.01
32179,0.01,-0.04,1.01
32205,0.01,-0.04,1.01
32233,0.01,-0.04,1.01
32260,0.01,-0.04,1.02
32286,0.01,-0.04,1.02
32313,0.01,-0.03,1.01
32339,0.01,-0.04,1.02
32366,0.01,-0.04,1.01
32394,0.01,-0.04,1.01
32420,0,-0.04,1.02
32447,0.01,-0.04,1.02
32474,0.01,-0.04,1.02
32500,0.01,-0.03,1.02
32527,0.01,-0.04,1.03
32555,0.01,-0.04,1.01
32581,0.01,-0.03,1.03
32608,0,-0.04,1.02
32634,0,-0.03,1.01
32661,0,-0.04,1.02
32688,0.01,-0.04,1.01
32715,0.01,-0.04,1.02
32742,0.01,-0.04,1.02
32769,0.01,-0.04,1.02
32795,0.01,-0.04,1.02
32822,0,-0.04,1.01
32848,0.01,-0.04,1.02
32875,0.01,-0.04,1.01
32903,0,-0.04,1.02
32929,0.01,-0.03,1.01
32956,0,-0.04,1.02
32983,0.01,-0.04,1.02
33009,0.01,-0.04,1.02
33036,0,-0.04,1.02
33064,0.01,-0.04,1.02
33091,0,-0.04,1.01
33118,0.01,-0.04,1.01
33144,0,-0.05,1.01
33171,0,-0.04,1.01
33198,0,-0.04,1.02
33225,0.01,-0.04,1.02
33252,0,-0.04,1.01
33278,0,-0.04,1.01
33305,0,-0.04,1.01
33332,0.01,-0.03,1.01
33358,0,-0.04,1.01
33386,0,-0.04,1.01
33413,0,-0.04,1.01
33439,0.01,-0.04,1.02
33466,0.01,-0.04,1.01
33492,0,-0.05,1.01
33519,0.01,-0.04,1.02
33546,0.01,-0.03,1.02
33573,0.01,-0.03,1.02
33600,0.02,-0.04,1.02
33627,0.01,-0.04,1.01
33653,0,-0.04,1.01
33680,0.01,-0.04,1.02
33707,0.01,-0.04,1.01
33734,0.01,-0.04,1.01
33761,0.01,-0.04,1.01
33787,0.01,-0.04,1.01
33814,0.01,-0.04,1.01
33841,0,-0.03,1.01
33867,0.01,-0.03,1.02
33895,0.01,-0.04,1.01
33922,0.01,-0.04,1.01
33948,0.01,-0.05,1.01
33975,0.01,-0.03,1.02
34001,0,-0.03,1.02
34028,0.01,-0.04,1.01
34056,0,-0.04,1.01
34082,0.01,-0.04,1.02
34109,0,-0.04,1.02
34136,0,-0.04,1.02
34163,0,-0.04,1.01
34190,0,-0.04,1.02
34217,0.01,-0.04,1.02
34244,0.01,-0.04,1.01
34271,0,-0.04,1.02
34297,0.01,-0.04,1.02
34324,0,-0.04,1.02
34352,0,-0.04,1.01
34380,0.01,-0.04,1.02
34407,0.01,-0.04,1.01
34434,0.01,-0.04,1.02
34460,0,-0.03,1.02
34487,0.01,-0.03,1.02
34513,0.01,-0.04,1.01
34541,0,-0.04,1.01
34568,0,-0.04,1.01
34595,0.01,-0.04,1.02
34622,0.01,-0.04,1.01
34649,0,-0.04,1.01
34675,0,-0.04,1
34703,0,-0.04,1.02
34729,0.01,-0.03,1.01
34756,0.01,-0.04,1.02
34783,0,-0.04,1.01
34809,0,-0.03,1.02
34836,0.01,-0.04,1.02
34863,0,-0.04,1.03
34890,0,-0.04,1
34917,0.01,-0.04,1
34944,0,-0.04,1.02
34970,0,-0.04,1.01
34997,0.01,-0.04,1
35023,0,-0.04,1.01
35052,0.01,-0.03,1.01
35079,0,-0.04,1.02
35105,0,-0.03,1.01
35132,0.01,-0.04,1.02
35159,0.01,-0.04,1.02
35185,0,-0.04,1.02
35213,0.01,-0.04,1.02
35239,0,-0.04,1.01
35266,0,-0.04,1.01
35293,0.01,-0.04,1.02
35319,0.01,-0.04,1.01
35346,0.01,-0.04,1.02
35373,0,-0.04,1.01
35400,0.01,-0.04,1.02
35427,0,-0.04,1.02
35453,0.01,-0.04,1.01
35480,0.01,-0.04,1.01
35507,0,-0.04,1.01
35534,0.01,-0.04,1.02
35562,0.01,-0.03,1.01
35589,0.01,-0.04,1.01
35615,0.01,-0.04,1.02
35642,0.01,-0.04,1.01
35668,0,-0.04,1.01
35695,0.01,-0.04,1.01
35723,0.01,-0.04,1.01
35749,0.01,-0.04,1.01
35776,0.01,-0.04,1.02
35803,0.01,-0.04,1.02
35829,0.01,-0.04,1.01
35856,0.01,-0.04,1.01
35884,0,-0.04,1.02
35910,0.01,-0.03,1.01
35937,0.01,-0.04,1.01
35963,0,-0.04,1.02
35990,0.01,-0.04,1.02
36017,0.01,-0.04,1.01
36044,0.01,-0.04,1.01
36071,0.01,-0.04,1.02
36098,0,-0.04,1.01
36125,0.01,-0.03,1.02
36152,0.01,-0.04,1.03
36178,0,-0.04,1.01
36206,0,-0.04,1.02
36233,0.01,-0.04,1.02
36259,0.01,-0.04,1.01
36286,0.01,-0.04,1.01
36313,0.01,-0.04,1.02
36339,0.01,-0.04,1.01
36367,0.01,-0.04,1.02
36393,0,-0.04,1.01
36420,0.01,-0.03,1.02
36447,0.01,-0.04,1.02
36473,0,-0.04,1.01
36500,0,-0.04,1.02
36529,0.01,-0.04,1.01
36555,0,-0.04,1.01
36582,0.01,-0.03,1.01
36609,0.01,-0.04,1.02
36635,0,-0.04,1.01
36663,0.01,-0.03,1.01
36689,0.01,-0.04,1.01
36717,0,-0.04,1.01
36744,0.01,-0.04,1.01
36770,0.01,-0.04,1.01
36797,0.01,-0.03,1.01
36824,0.01,-0.04,1.02
36850,0,-0.04,1.02
36878,0.01,-0.03,1.01
36904,0.02,-0.03,1.03
36931,0,-0.04,1.02
36958,0,-0.04,1.01
36985,0.01,-0.03,1.01
37012,0.01,-0.03,1.01
37040,0.01,-0.04,1.01
37066,0,-0.04,1.01
37094,0,-0.04,1.02
37121,0.01,-0.04,1.01
37147,0,-0.04,1.02
37174,0,-0.04,1.02
37201,0.01,-0.04,1.02
37228,0.01,-0.03,1.02
37255,0.01,-0.05,1.02
37281,0,-0.03,1.02
37308,0.01,-0.04,1.02
37335,0,-0.03,1.02
37361,0.01,-0.04,1.01
37389,0.01,-0.04,1.01
37415,0,-0.04,1.01
37442,0,-0.04,1.01
37469,0,-0.04,1.03
37496,0.01,-0.04,1.01
37523,0.01,-0.04,1.01
37551,0,-0.04,1.01
37577,0,-0.04,1.01
37604,0,-0.04,1.01
37630,0.01,-0.04,1.02
37657,0,-0.04,1.02
37684,0.01,-0.03,1.01
37710,0,-0.04,1.02
37738,0,-0.04,1.01
37765,0.01,-0.04,1.02
37791,0.01,-0.04,1.01
37818,0,-0.04,1.01
37846,0.01,-0.04,1.02
37872,0,-0.04,1.02
37900,0,-0.04,1.02
37926,0.01,-0.04,1.01
37953,0.01,-0.04,1.01
37980,0.01,-0.04,1.02
38006,0,-0.04,1.01
38033,0.01,-0.04,1.02
38061,0,-0.03,1.02
38087,0.01,-0.04,1.02
38114,0,-0.03,1.01
38140,0,-0.04,1.01
38167,0.01,-0.04,1.02
38194,0.01,-0.04,1.02
38220,0,-0.04,1.02
38248,0.01,-0.04,1.02
38275,0.01,-0.04,1.01
38301,0,-0.04,1.01
38328,0,-0.04,1.01
38354,0,-0.03,1.01
38381,0,-0.04,1.01
38409,0.01,-0.04,1.01
38435,0.01,-0.04,1.02
38462,0,-0.04,1.02
38489,0.01,-0.04,1.02
38515,0.01,-0.04,1.02
38542,0.01,-0.04,1.02
38569,0,-0.04,1.01
38596,0,-0.04,1.02
38623,0,-0.03,1.02
38649,0.01,-0.04,1.01
38676,0,-0.04,1.01
38703,0.01,-0.04,1.02
38729,0.01,-0.04,1.01
38757,0,-0.04,1.01
38784,0,-0.04,1.02
38810,0.01,-0.04,1.01
38837,0.01,-0.04,1.02
38863,0,-0.04,1.01
38890,0,-0.04,1.02
38918,0,-0.04,1.01
38944,0,-0.04,1.02
38971,0,-0.04,1.01
38998,0.01,-0.04,1.01
39024,0.01,-0.04,1.02
39051,0.01,-0.04,1.01
39078,0.01,-0.04,1.02
39105,0.01,-0.04,1.01
39132,0,-0.04,1.01
39158,0.01,-0.04,1.02
39185,0,-0.04,1
39212,0.01,-0.04,1.01
39238,0.01,-0.04,1.02
39266,0.01,-0.03,1.02
39292,0,-0.04,1.01
39319,0.01,-0.04,1.01
39346,0,-0.03,1.01
39372,0,-0.03,1
39399,0.01,-0.04,1.02
39427,0.01,-0.04,1.02
39453,0.01,-0.04,1.01
39480,0,-0.03,1.02
39506,0,-0.04,1.02
39533,0,-0.04,1.01
39560,0.01,-0.04,1.02
39587,0.01,-0.04,1.01
39614,0,-0.04,1.02
39641,0.01,-0.04,1.02
39667,0.01,-0.04,1.01
39694,0.01,-0.04,1.03
39720,0.01,-0.03,1.01
39748,0,-0.04,1.01
39775,0,-0.04,1.02
39801,0,-0.04,1.02
39828,0,-0.03,1.01
39855,0,-0.04,1.01
39881,0,-0.04,1.02
39908,0.01,-0.04,1.01
39936,0,-0.04,1.01
39962,0.01,-0.04,1.01
39989,0,-0.03,1.01
40015,0.01,-0.04,1.02
40042,0.01,-0.04,1
40069,0.01,-0.04,1.01
40096,0,-0.04,1.01
40124,0.01,-0.04,1.01
40151,0.01,-0.04,1.02
40177,0,-0.04,1.02
40204,0,-0.04,1.03
40230,0.01,-0.04,1.01
40258,0.01,-0.04,1.01
40285,0.01,-0.04,1.01
40311,0,-0.03,1.01
40338,0.01,-0.04,1.02
40365,0,-0.04,1.03
40391,0.01,-0.03,1.01
40418,0,-0.04,1.01
40445,0.01,-0.04,1.02
40472,0.01,-0.03,1.01
40499,0,-0.04,1.02
40525,0,-0.04,1.01
40552,0.01,-0.03,1.02
40579,0.01,-0.04,1.02
40606,0.01,-0.04,1.02
40633,0.01,-0.04,1.02
40659,0,-0.04,1.02
40686,0.01,-0.04,1.01
40713,0.01,-0.04,1.02
40739,0,-0.04,1.02
40768,0,-0.04,1.01
40795,0,-0.04,1.01
40821,0.01,-0.04,1.01
40848,0.01,-0.03,1.01
40875,0.01,-0.04,1.02
40901,0,-0.04,1.01
40929,0,-0.04,1.01
40956,0,-0.04,1.01
40983,0,-0.04,1.02
41010,0.01,-0.04,1.02
41036,0.01,-0.04,1.02
41063,0,-0.04,1.02
41091,0.01,-0.04,1.02
41117,0,-0.04,1.03
41144,0,-0.03,1.01
41170,0,-0.04,1.02
41197,0.01,-0.04,1.01
41224,0.01,-0.04,1.02
41250,0.01,-0.04,1.02
41278,0.01,-0.04,1.01
41305,0.01,-0.04,1.02
41331,0.01,-0.04,1.02
41358,0,-0.04,1.01
41384,0,-0.04,1.02
41411,0.01,-0.04,1.02
41439,0,-0.04,1.02
41465,0.01,-0.03,1.02
41492,0,-0.04,1.01
41519,0,-0.04,1.02
41545,0.01,-0.03,1.02
41572,0,-0.03,1.02
41600,0.01,-0.04,1
41626,0,-0.04,1.01
41653,0.01,-0.04,1.02
41679,0.01,-0.03,1.01
41706,0.01,-0.04,1.01
41733,0,-0.04,1.01
41760,0.01,-0.04,1.01
41787,0,-0.04,1.01
41814,0,-0.04,1.02
41840,0.01,-0.04,1.01
41867,0.01,-0.04,1.01
41893,0.01,-0.04,1.02
41920,0,-0.04,1.02
41948,0,-0.04,1.02
41974,0.01,-0.03,1.01
42001,0.01,-0.04,1.01
42028,0.01,-0.04,1.01
42054,0,-0.04,1.01
42082,0,-0.03,1.02
42109,0.01,-0.04,1.01
42136,0,-0.04,1.02
42163,0.01,-0.04,1.02
42189,0,-0.04,1
42216,0.01,-0.03,1.01
42243,0,-0.03,1.02
42270,0.01,-0.04,1.01
42297,0.01,-0.04,1.01
42323,0,-0.04,1.02
42350,0,-0.04,1.02
42377,0,-0.04,1.02
42403,0.01,-0.05,1.01
42430,0.01,-0.04,1.02
42458,0.01,-0.04,1.01
42484,0,-0.04,1.02
42511,0.01,-0.04,1.02
42537,0.01,-0.04,1.02
42564,0.01,-0.04,1.02
42591,0.01,-0.03,1.01
42618,0,-0.04,1.01
42646,0.01,-0.04,1.01
42673,0,-0.04,1.01
42699,0.01,-0.04,1.02
42726,0,-0.04,1.02
42753,0,-0.04,1.02
42780,0,-0.04,1.01
42807,0,-0.04,1.01
42834,0,-0.04,1.01
42861,0.01,-0.04,1.02
42888,0,-0.04,1.01
42914,0.01,-0.04,1.01
42942,0.01,-0.04,1.02
42969,0.01,-0.04,1.02
42995,0,-0.04,1.02
43022,0,-0.04,1.01
43048,0.01,-0.04,1.02
43075,0.01,-0.04,1.01
43102,0.01,-0.04,1.01
43129,0,-0.03,1.02
43156,0.01,-0.04,1.02
43183,0.01,-0.04,1
43209,0.01,-0.04,1.02
43236,0.01,-0.03,1
43262,0,-0.04,1.01
43290,0.01,-0.04,1.01
43317,0.01,-0.04,1.02
43343,0,-0.04,1.02
43371,0,-0.04,1.02
43398,0.01,-0.04,1.02
43424,0.01,-0.04,1.01
43452,0.01,-0.04,1.01
43479,0.01,-0.04,1.02
43505,0.01,-0.04,1.03
43532,0.01,-0.04,1.02
43558,0,-0.04,1.01
43585,0.01,-0.03,1.02
43613,0.01,-0.04,1.02
43639,0,-0.04,1.01
43667,0.01,-0.04,1.03
43694,0,-0.04,1.01
43720,0.01,-0.04,1.01
43747,0,-0.04,1.02
43773,0,-0.04,1.02
43801,0,-0.04,1.02
43828,0.01,-0.04,1.03
43854,0.01,-0.04,1.03
43881,0,-0.04,1.02
43909,0,-0.04,1.01
43935,0,-0.03,1.02
43963,0,-0.04,1.01
43990,0,-0.04,1.01
44017,0,-0.04,1.02
44044,0.01,-0.04,1.02
44070,0,-0.04,1.01
44097,0.01,-0.04,1
44125,0.01,-0.04,1.02
44151,0.01,-0.04,1.01
44178,0.01,-0.04,1.02
44205,0.01,-0.04,1.01
44231,0.01,-0.04,1.02
44258,0.01,-0.04,1.01
44285,0.01,-0.04,1.01
44312,0,-0.04,1.01
44339,0,-0.04,1.01
44365,0.01,-0.03,1.02
44392,0.01,-0.04,1.01
44419,0.01,-0.04,1.02
44446,0.01,-0.04,1.02
44473,0.01,-0.04,1.01
44499,0.01,-0.04,1
44526,0.01,-0.03,1.02
44553,0,-0.04,1.01
44579,0.01,-0.04,1.02
44607,0,-0.04,1.02
44634,0.01,-0.03,1.01
44660,0.01,-0.04,1.02
44687,0,-0.04,1.01
44715,0.01,-0.04,1.01
44741,0.01,-0.04,1.02
44768,0,-0.04,1.01
44795,0,-0.04,1.02
44822,0,-0.03,1.01
44849,0,-0.04,1.02
44876,0,-0.04,1.02
44903,0.01,-0.04,1.01
44930,0.01,-0.04,1.03
44957,0,-0.04,1.02
44985,0,-0.03,1.02
45011,0.01,-0.04,1.02
45038,0,-0.04,1.03
45065,0.01,-0.04,1.02
45091,0.01,-0.04,1.01
45119,0.01,-0.04,1.01
45146,0,-0.04,1.01
45172,0,-0.04,1.01
45199,0,-0.03,1.01
45227,0,-0.03,1.01
45253,0.01,-0.04,1.01
45281,0.01,-0.04,1.01
45307,0.01,-0.04,1.02
45334,0.01,-0.03,1.01
45361,0.01,-0.04,1.02
45387,0.01,-0.03,1.01
45414,0,-0.04,1.02
45442,0.01,-0.04,1.01
45468,0.01,-0.04,1.02
45495,0,-0.04,1.02
45521,0,-0.04,1.01
45548,0.01,-0.03,1.01
45575,0.01,-0.04,1.02
45601,0,-0.04,1.01
45630,0.01,-0.04,1.01
45657,0.01,-0.03,1.01
45683,0,-0.03,1.02
45710,0.01,-0.04,1.02
45736,0.01,-0.04,1.01
45763,0,-0.04,1.02
45791,0.01,-0.04,1.01
45817,0.01,-0.04,1.02
45844,0.01,-0.04,1.01
45871,0.01,-0.04,1.02
45897,0.01,-0.04,1.02
45924,0.01,-0.04,1.02
45952,0.01,-0.04,1.01
45978,0,-0.04,1.01
46005,0.01,-0.03,1.02
46031,0,-0.04,1.01
46058,0,-0.04,1.02
46085,0,-0.04,1.02
46112,0.01,-0.04,1.01
46139,0.01,-0.04,1.02
46166,0.01,-0.04,1
46192,0.01,-0.04,1.02
46219,0.01,-0.04,1.02
46245,0.01,-0.04,1
46272,0,-0.04,1.02
46300,0.01,-0.04,1.02
46326,0,-0.03,1.02
46353,0,-0.04,1.01
46380,0.01,-0.04,1.02
46406,0,-0.04,1.02
46433,0,-0.03,1.01
46460,0.01,-0.04,1.02
46487,0.01,-0.04,1.01
46514,0.01,-0.04,1.02
46540,0.01,-0.04,1.01
46567,0,-0.04,1.01
46594,0,-0.04,1.01
46620,0,-0.04,1.02
46648,0.01,-0.04,1.01
46674,0.01,-0.04,1.02
46701,0.01,-0.04,1.01
46728,0.01,-0.04,1.01
46754,0.01,-0.04,1.01
46781,0,-0.03,1.01
46809,0.01,-0.04,1.01
46835,0.01,-0.04,1.02
46862,0,-0.04,1.02
46888,0.01,-0.05,1.02
46915,0.01,-0.03,1.01
46942,0.01,-0.05,1.01
46969,0,-0.03,1.02
46996,0.01,-0.04,1.01
47023,0.01,-0.04,1.02
47049,0,-0.04,1.02
47076,0.01,-0.03,1.01
47102,0,-0.04,1.01
47130,0,-0.04,1.02
47157,0,-0.04,1
47184,0.01,-0.04,1.02
47211,0.01,-0.03,1.01
47238,0.01,-0.04,1.01
47264,0,-0.04,1.01
47293,0.01,-0.04,1.02
47320,0.01,-0.04,1.01
47346,0,-0.03,1.02
47373,0.01,-0.04,1.01
47399,0,-0.04,1.02
47426,0,-0.04,1.02
47453,0,-0.04,1.01
47480,0.01,-0.04,1.01
47507,0,-0.04,1.01
47534,0.01,-0.03,1.01
47560,0.01,-0.04,1.02
47587,0,-0.03,1.02
47613,0.01,-0.04,1.01
47641,0.01,-0.05,1.01
47668,0,-0.04,1.01
47694,0.01,-0.04,1.01
47721,0.01,-0.04,1.02
47748,0.01,-0.04,1.01
47774,0.01,-0.04,1.02
47802,0.01,-0.04,1.02
47828,0.01,-0.04,1.02
47855,0.01,-0.04,1.02
47882,0,-0.04,1.02
47908,0.01,-0.04,1.01
47935,0.01,-0.03,1.03
47963,0.01,-0.03,1.02
47989,0.01,-0.04,1.02
48016,0,-0.04,1.02
48043,0.01,-0.04,1.01
48069,0.01,-0.04,1.02
48096,0.01,-0.04,1.01
48122,0.01,-0.04,1.01
48150,0,-0.04,1.02
48177,0.01,-0.04,1.01
48203,0,-0.04,1.02
48230,0.01,-0.04,1.01
48257,0,-0.04,1.02
48283,0.01,-0.04,1.02
48311,0,-0.04,1.02
48337,0,-0.04,1.03
48364,0,-0.04,1.02
48391,0,-0.04,1.01
48417,0,-0.04,1.01
48444,0,-0.04,1.01
48471,0,-0.04,1.01
48498,0.01,-0.04,1.01
48525,0.01,-0.04,1.02
48551,0.01,-0.04,1.01
48578,0.01,-0.04,1.01
48605,0.01,-0.04,1.02
48631,0.01,-0.03,1.02
48659,0,-0.04,1.02
48686,0.01,-0.04,1.01
48712,0.01,-0.04,1.01
48739,0.01,-0.04,1.02
48765,0,-0.04,1.01
48792,0,-0.04,1.02
48819,0.01,-0.04,1.01
48846,0.01,-0.04,1.01
48873,0,-0.04,1.01
48900,0,-0.04,1.01
48926,0.01,-0.03,1.01
48953,0.01,-0.04,1.01
48979,0,-0.04,1.01
49007,0.01,-0.04,1.02
49034,0.01,-0.04,1.02
49060,0,-0.03,1.02
49087,0.01,-0.04,1.02
49114,0.01,-0.04,1.01
49140,0.01,-0.03,1.02
49167,0,-0.04,1.02
49195,0,-0.04,1.01
49221,0,-0.04,1.02
49248,0.01,-0.04,1.01
49274,0.01,-0.04,1.01
49301,0.01,-0.04,1.02
49328,0,-0.04,1.01
49356,0.01,-0.04,1.02
49383,0,-0.03,1.01
49410,0.01,-0.04,1.01
49436,0,-0.04,1.01
49464,0.01,-0.04,1.02
49490,0.01,-0.04,1.01
49518,0,-0.04,1.02
49545,0.01,-0.04,1.02
49571,0.01,-0.04,1.02
49598,0.01,-0.05,1.02
49625,0,-0.04,1.01
49651,0,-0.05,1.02
49679,0.01,-0.04,1.01
49705,0,-0.04,1.02
49732,0,-0.04,1.01
49759,0,-0.03,1.02
49785,0.01,-0.03,1
49812,0.01,-0.03,1.02
49839,0,-0.04,1.02
49865,0,-0.04,1.02
49893,0,-0.04,1.01
49920,0,-0.04,1.01
49946,0,-0.04,1.02
49974,0.01,-0.04,1.01
50000,0,-0.04,1.02
50027,0.01,-0.04,1.02
50055,0,-0.03,1.01
50081,0,-0.04,1.02
50108,0.01,-0.03,1.02
50135,0.01,-0.04,1.02
50161,0.01,-0.05,1.02
50188,0.01,-0.03,1.02
50215,0,-0.04,1.02
50242,0.01,-0.04,1.02
50269,0.01,-0.04,1.02
50295,0,-0.04,1.02
50322,0.01,-0.04,1.01
50349,0.01,-0.04,1.02
50376,0.01,-0.04,1.01
50403,0,-0.04,1.02
50429,0.01,-0.04,1.02
50456,0.01,-0.04,1.01
50483,0,-0.04,1.01
50510,0.01,-0.04,1.02
50538,0,-0.04,1.01
50565,0,-0.04,1.02
50591,0,-0.04,1.02
50618,0.01,-0.04,1.01
50644,0.01,-0.05,1.02
50671,0,-0.05,1.01
50699,0,-0.04,1.01
50725,0,-0.04,1.02
50752,0.01,-0.04,1.01
50779,0,-0.04,1.02
50805,0.01,-0.04,1.02
50832,0.01,-0.04,1.01
50860,0.01,-0.04,1.01
50886,0.01,-0.04,1.02
50913,0,-0.03,1.01
50939,0.01,-0.04,1.02
50966,0.01,-0.04,1.01
50993,0.01,-0.03,1.01
51020,0.01,-0.04,1.01
51047,0.01,-0.04,1.02
51074,0.01,-0.04,1.02
51100,0.01,-0.04,1.02
51127,0.01,-0.04,1.01
51153,0,-0.04,1.02
51180,0,-0.03,1.01
51208,0.01,-0.04,1.02
51234,0.01,-0.04,1.01
51261,0.01,-0.04,1.02
51288,0.01,-0.04,1.02
51314,0.01,-0.03,1.01
51341,0,-0.04,1.01
51368,0,-0.04,1.01
51396,0,-0.04,1.01
51423,0.01,-0.04,1.02
51449,0.01,-0.03,1.01
51476,0.01,-0.03,1.02
51503,0.01,-0.04,1.01
51530,0.01,-0.04,1.01
51557,0,-0.04,1.01
51585,0,-0.03,1
51611,0.01,-0.04,1.01
51638,0.01,-0.04,1.01
51664,0.01,-0.04,1.02
51692,0.01,-0.04,1
51719,0.01,-0.04,1.02
51745,0.01,-0.04,1.01
51772,0,-0.04,1.01
51799,0.01,-0.04,1.01
51825,0,-0.04,1.02
51853,0.01,-0.04,1.02
51879,0,-0.04,1.01
51906,0,-0.04,1.01
51933,0.01,-0.04,1.02
51959,0,-0.04,1.01
51987,0.01,-0.04,1.02
52014,0,-0.04,1.01
52041,0.01,-0.04,1.01
52068,0.01,-0.03,1.01
52094,0,-0.04,1.02
52121,0,-0.04,1.02
52148,0,-0.04,1.03
52174,0.01,-0.03,1.02
52202,0,-0.04,1.01
52229,0,-0.04,1.01
52255,0,-0.04,1.01
52282,0.01,-0.04,1.01
52308,0.01,-0.03,1.02
52335,0,-0.04,1.03
52363,0,-0.04,1.01
52390,0.01,-0.04,1.02
52417,0,-0.04,1.01
52444,0.01,-0.04,1.01
52470,0.01,-0.04,1.02
52497,0,-0.04,1.02
52525,0.01,-0.04,1.02
52551,0.01,-0.04,1.01
52578,0,-0.03,1
52604,0.01,-0.04,1.02
52631,0,-0.05,1.02
52659,0.01,-0.04,1.01
52685,0.01,-0.04,1.01
52713,0,-0.04,1.02
52741,0.01,-0.05,1.02
52767,0,-0.03,1.02
52794,0.01,-0.04,1.01
52820,0.01,-0.04,1.02
52847,0,-0.04,1.02
52875,0.01,-0.04,1
52901,0.01,-0.04,1.01
52928,0.01,-0.04,1.01
52955,0,-0.04,1.02
52981,0,-0.04,1.02
53008,0.01,-0.04,1.02
53036,0.01,-0.04,1.01
53062,0.01,-0.04,1.02
53089,0,-0.04,1.01
53115,0,-0.04,1.02
53142,0.01,-0.04,1.01
53169,0,-0.04,1.01
53197,0,-0.04,1.01
53224,0.01,-0.04,1.02
53251,0,-0.04,1.02
53277,0,-0.04,1.02
53304,0.01,-0.04,1.02
53330,0.01,-0.04,1.01
53357,0,-0.04,1.02
53385,0,-0.04,1.02
53411,0,-0.04,1.01
53438,0.01,-0.04,1.02
53465,0.01,-0.03,1.01
53491,0.01,-0.04,1.02
53518,0.01,-0.04,1.02
53545,0.01,-0.04,1.02
53572,0.01,-0.04,1.01
53599,0.01,-0.04,1.02
53625,0,-0.04,1.02
53652,0.01,-0.04,1.02
53679,0.01,-0.04,1.01
53706,0,-0.03,1.02
53734,0.01,-0.04,1.01
53761,0,-0.04,1.02
53787,0.01,-0.04,1.02
53814,0,-0.05,1.02
53840,0,-0.04,1.01
53868,0.01,-0.04,1.02
53895,0.01,-0.04,1.01
53921,0.01,-0.04,1.01
53948,0.01,-0.04,1.01
53975,0,-0.04,1.01
54001,0.01,-0.03,1.01
54029,0,-0.04,1.02
54056,0,-0.04,1
54084,0.01,-0.04,1.02
54111,0.01,-0.04,1.02
54137,0.01,-0.04,1.01
54164,0.01,-0.04,1.02
54192,0.01,-0.04,1.02
54218,0.01,-0.04,1.01
54245,0,-0.04,1.02
54272,0,-0.04,1.01
54298,0,-0.04,1.02
54325,0,-0.04,1.01
54351,0,-0.04,1.01
54379,0,-0.04,1.01
54406,0.01,-0.04,1.02
54432,0,-0.04,1.02
54459,0.01,-0.04,1.01
54486,0,-0.04,1.01
54512,0.01,-0.04,1.02
54540,0.01,-0.04,1.02
54566,0.01,-0.04,1.01
54593,0.01,-0.03,1.02
54620,0,-0.04,1.02
54646,0,-0.04,1.02
54673,0.01,-0.04,1.02
54701,0,-0.04,1.01
54727,0,-0.04,1.02
54754,0.01,-0.04,1.02
54780,0.01,-0.04,1.01
54807,0,-0.04,1.02
54834,0.01,-0.04,1.01
54861,0.01,-0.04,1.01
54888,0.01,-0.04,1.02
54915,0.01,-0.04,1.02
54941,0.01,-0.04,1.01
54968,0.01,-0.04,1.01
54994,0,-0.04,1.02
55022,0.01,-0.04,1.01
55050,0.01,-0.04,1
55076,0.01,-0.04,1.01
55103,0.01,-0.04,1.02
55130,0,-0.04,1.02
55157,0.01,-0.04,1.02
55184,0.01,-0.04,1.03
55212,0.01,-0.04,1.01
55238,0.01,-0.04,1.01
55265,0,-0.04,1.02
55291,0,-0.03,1.01
55318,0.01,-0.04,1.02
55345,0,-0.04,1.02
55372,0,-0.04,1.01
55399,0.01,-0.04,1.01
55426,0.01,-0.04,1.01
55452,0,-0.04,1.01
55479,0.01,-0.04,1.01
55505,0.01,-0.04,1.01
55532,0,-0.04,1.01
55560,0,-0.04,1.02
55586,0.01,-0.04,1.02
55613,0.01,-0.04,1.02
55640,0.01,-0.04,1.02
55666,0.01,-0.04,1.01
55693,0,-0.04,1.02
55720,0,-0.04,1.02
55747,0.01,-0.04,1.01
55774,0.01,-0.04,1.01
55800,0.01,-0.03,1.02
55827,0,-0.03,1.01
55854,0,-0.04,1.01
55881,0.01,-0.04,1.02
55908,0,-0.04,1.02
55934,0,-0.04,1
55961,0,-0.04,1.01
55988,0,-0.04,1.02
56015,0.01,-0.04,1.02
56043,0,-0.04,1.01
56070,0.01,-0.04,1.01
56096,0.01,-0.04,1.02
56123,0.01,-0.04,1.02
56150,0.01,-0.04,1.01
56176,0.01,-0.03,1.02
56204,0,-0.04,1.01
56230,0,-0.04,1.01
56257,0.01,-0.03,1.01
56284,0.01,-0.04,1.02
56310,0.01,-0.04,1.02
56337,0,-0.03,1.01
56364,0,-0.03,1.02
56391,0.01,-0.04,1.01
56418,0.01,-0.04,1.01
56444,0.01,-0.04,1.01
56471,0.01,-0.04,1.03
56498,0.01,-0.04,1.01
56524,0.01,-0.04,1.02
56552,0,-0.04,1.02
56579,0.01,-0.03,1.01
56605,0.01,-0.04,1.02
56632,0,-0.04,1.01
56658,0,-0.04,1.01
56685,0,-0.04,1.01
56713,0.01,-0.04,1.02
56739,0,-0.04,1.02
56767,0,-0.04,1.02
56794,0.01,-0.03,1.01
56820,0.01,-0.04,1.02
56847,0,-0.04,1.02
56875,0,-0.04,1.02
56901,0.01,-0.04,1.01
56928,0.01,-0.04,1.02
56954,0.01,-0.04,1.01
56981,0.01,-0.04,1.02
57008,0.01,-0.03,1.01
57035,0.01,-0.04,1.02
57062,0.01,-0.04,1.02
57089,0.01,-0.04,1.01
57115,0.01,-0.04,1.01
57142,0.01,-0.03,1.02
57168,0.01,-0.04,1
57196,0,-0.04,1.02
57223,0.01,-0.03,1.02
57249,0.01,-0.04,1.02
57276,0,-0.04,1.01
57303,0,-0.03,1.01
57329,0,-0.04,1.02
57356,0.01,-0.04,1.01
57383,0,-0.04,1.01
57410,0.01,-0.04,1.02
57437,0.01,-0.04,1.02
57463,0,-0.04,1.01
57490,0,-0.03,1.01
57518,0.01,-0.03,1.01
57545,0,-0.03,1.01
57572,0.01,-0.04,1.01
57598,0.01,-0.04,1.02
57625,0.01,-0.04,1.02
57652,0.01,-0.04,1.02
57678,0.01,-0.04,1.02
57706,0.01,-0.04,1.01
57733,0,-0.03,1.02
57760,0.01,-0.04,1.01
57787,0.01,-0.04,1.01
57814,0.01,-0.04,1.02
57840,0.01,-0.04,1.02
57868,0,-0.04,1.02
57894,0.01,-0.04,1.01
57921,0.01,-0.04,1.01
57948,0,-0.04,1.02
57974,0,-0.04,1.01
58001,0,-0.04,1.01
58028,0,-0.04,1.02
58055,0,-0.04,1.01
58082,0.01,-0.03,1.02
58108,0.01,-0.04,1.01
58135,0.01,-0.04,1.01
58162,0.01,-0.04,1.01
58188,0,-0.03,1.02
58216,0,-0.03,1.01
58243,0.01,-0.04,1.01
58269,-0.01,-0.04,1.01
58297,0.01,-0.04,1.02
58323,0.01,-0.04,1.02
58350,0,-0.04,1.01
58379,0,-0.04,1.01
58405,0,-0.04,1.02
58432,0.01,-0.03,1.02
58459,0,-0.04,1.03
58486,0,-0.04,1.02
58513,0.01,-0.03,1.02
58541,0.01,-0.04,1.02
58567,0,-0.04,1.02
58594,0,-0.04,1.01
58620,0.01,-0.04,1.01
58647,0.01,-0.03,1.01
58674,0.01,-0.04,1.01
58700,0,-0.04,1.02
58728,0.01,-0.04,1.02
58755,0.01,-0.03,1.01
58781,0.01,-0.04,1.02
58808,0.01,-0.04,1.01
58834,0,-0.04,1
58861,0.01,-0.04,1.01
58889,0,-0.04,1.01
58916,0.01,-0.04,1.02
58943,0,-0.04,1.02
58970,0.01,-0.05,1.02
58996,0.01,-0.04,1.02
59023,0,-0.04,1.01
59051,0,-0.04,1.01
59077,0.01,-0.04,1.01
59104,0.01,-0.04,1.02
59130,0.01,-0.04,1.01
59157,0.01,-0.04,1.01
59184,0.01,-0.03,1.02
59211,0.01,-0.04,1.01
59238,0.01,-0.04,1.01
59265,0.01,-0.04,1.02
59291,0.01,-0.04,1.02
59318,0.01,-0.04,1.01
59344,0.01,-0.04,1.01
59372,0.01,-0.04,1.02
59399,0.01,-0.04,1.01
59425,0.01,-0.04,1.01
59452,0,-0.04,1.02
59479,0.01,-0.04,1.01
59505,0,-0.04,1.02
59532,0,-0.04,1.01
59559,0.01,-0.04,1.02
59586,0,-0.04,1.01
59613,0,-0.03,1.02
59639,0,-0.04,1.02
59666,0.01,-0.04,1.02
59693,0.01,-0.03,1.02
59720,0,-0.03,1.01
59747,0.01,-0.04,1.01
59773,0.01,-0.04,1.02
59800,0,-0.03,1.01
59827,0.01,-0.03,1.02
59853,0.01,-0.03,1.01
59881,0.01,-0.04,1.02
59908,0,-0.04,1.02
59934,0,-0.04,1.01
59961,0,-0.03,1.02
59987,0,-0.04,1.01
60015,0.01,-0.04,1.01
60043,0.01,-0.04,1.02
60069,0.01,-0.04,1
60096,0.01,-0.04,1.02
60123,0,-0.04,1.01
60150,0,-0.03,1.01
60177,0,-0.04,1.01
60205,0.01,-0.04,1.02
60231,0.01,-0.04,1.01
60258,0.01,-0.03,1.02
60284,0.01,-0.03,1.01
60311,0.01,-0.03,1.01
60338,0.01,-0.04,1.01
60365,0,-0.03,1.02
60392,0,-0.04,1.02
60419,0.01,-0.04,1.01
60445,0,-0.04,1.01
60472,0,-0.03,1.01
60498,0.01,-0.03,1.01
60525,0,-0.03,1.01
60553,0,-0.05,1.02
60580,0.01,-0.04,1.01
60607,0.01,-0.04,1.02
60634,0.01,-0.04,1.01
60660,0,-0.04,1.01
60687,0,-0.04,1.02
60715,0.01,-0.04,1.01
60741,0.01,-0.04,1.01
60768,0,-0.04,1.01
60794,0,-0.04,1.01
60822,0,-0.03,1.01
60849,0.01,-0.04,1.02
60876,0,-0.03,1.02
60903,0,-0.04,1.03
60930,0,-0.04,1.02
60956,0,-0.04,1.01
60983,0.01,-0.04,1.01
61009,0,-0.04,1.01
61036,0.01,-0.03,1.01
61064,0.01,-0.04,1.01
61090,0,-0.04,1.01
61117,0,-0.04,1.01
61144,0.01,-0.04,1.02
61170,0,-0.05,1.02
61197,0,-0.05,1.01
61224,0,-0.04,1.01
61251,0.01,-0.04,1.01
61278,0.01,-0.04,1.01
61304,0.01,-0.04,1.02
61331,0,-0.04,1.02
61358,0.01,-0.03,1.01
61384,0.01,-0.04,1.01
61412,0.01,-0.03,1.01
61438,0,-0.04,1.01
61465,0,-0.04,1.02
61492,0.01,-0.04,1.02
61518,0,-0.04,1.01
61545,0.01,-0.04,1.02
61573,0.01,-0.04,1.02
61599,0.02,-0.04,1.01
61626,0.01,-0.04,1.01
61652,0,-0.04,1.01
61679,0,-0.04,1.02
61706,0.01,-0.03,1.02
61733,0.01,-0.04,1.01
61760,0,-0.04,1.01
61787,0,-0.04,1.02
61813,0,-0.04,1.02
61840,0.01,-0.03,1.01
61867,0.01,-0.04,1.01
61894,0,-0.04,1.01
61921,0,-0.04,1.02
61947,0,-0.04,1.02
61974,0,-0.04,1.02
62002,0,-0.04,1.01
62028,0.01,-0.04,1.01
62055,0.01,-0.03,1.02
62083,0.01,-0.04,1.01
62109,0.01,-0.03,1.02
62136,0.01,-0.04,1.01
62162,0.01,-0.03,1.02
62189,0,-0.04,1.01
62216,0,-0.04,1.02
62243,0.01,-0.04,1.01
62270,0,-0.04,1.01
62297,0.01,-0.03,1.01
62323,0.01,-0.04,1.01
62350,0,-0.04,1.01
62376,0,-0.03,1.02
62405,0.01,-0.04,1.02
62432,0.01,-0.04,1.01
62458,0.01,-0.04,1.01
62485,0.01,-0.03,1.01
62512,0.01,-0.04,1.01
62538,0.01,-0.04,1.01
62566,0.01,-0.04,1.02
62593,0.01,-0.03,1
62619,0.01,-0.05,1.02
62646,0.01,-0.04,1.02
62672,0,-0.03,1.01
62699,0.01,-0.04,1
62727,0.01,-0.04,1.02
62753,0,-0.04,1.03
62780,0.01,-0.03,1.02
62807,0.01,-0.04,1.02
62833,0.01,-0.04,1.01
62860,0,-0.04,1.02
62887,0,-0.03,1.02
62915,0.01,-0.04,1.02
62942,0,-0.04,1.01
62968,0.01,-0.04,1.01
62995,0,-0.04,1.01
63022,0.01,-0.04,1.02
63049,0,-0.04,1.01
63076,0.01,-0.03,1.02
63102,0.01,-0.03,1.02
63129,0.01,-0.04,1.01
63156,0,-0.04,1.03
63182,0.01,-0.04,1.01
63209,0.01,-0.04,1.02
63237,0.01,-0.04,1.01
63263,0.01,-0.04,1.01
63290,0.01,-0.03,1.01
63316,0.01,-0.03,1.01
63343,0.01,-0.04,1.02
63370,0.01,-0.04,1.01
63397,0,-0.03,1.02
63424,0.01,-0.04,1.02
63451,0.01,-0.04,1.02
63477,0.01,-0.04,1.01
63504,0.01,-0.04,1.01
63531,0.01,-0.04,1.02
63558,0,-0.04,1.02
63585,0,-0.04,1.02
63611,0,-0.04,1.01
63639,0.01,-0.04,1.01
63666,0,-0.04,1.01
63692,0,-0.04,1.01
63719,0.01,-0.04,1.01
63747,0.01,-0.04,1.03
63773,0,-0.03,1.02
63800,0.01,-0.04,1.01
63826,0.01,-0.04,1.02
63853,0,-0.04,1.02
63880,0,-0.04,1.01
63907,0,-0.04,1.01
63934,0,-0.04,1.01
63961,0,-0.03,1.02
63987,0.01,-0.04,1.02
64014,0.01,-0.03,1.01
64040,0,-0.04,1.03
64067,0,-0.03,1.01
64095,0.01,-0.04,1.01
64121,0,-0.04,1.01
64149,0,-0.04,1.03
64176,0,-0.04,1.02
64202,0.01,-0.04,1.01
64229,0,-0.04,1.02
64257,0,-0.04,1.02
64284,0,-0.03,1.01
64311,0.01,-0.04,1.02
64337,0.01,-0.04,1.01
64364,0.01,-0.04,1.01
64391,0.01,-0.04,1.02
64418,0.01,-0.04,1.02
64445,0,-0.04,1.01
64472,0.01,-0.04,1.02
64498,0.01,-0.04,1.02
64525,0,-0.03,1.02
64551,0.01,-0.03,1.01
64579,0.01,-0.04,1.01
64606,0.01,-0.04,1.01
64632,0.01,-0.04,1.01
64659,0.01,-0.04,1.02
64686,0,-0.04,1.02
64712,0.01,-0.04,1.02
64740,0,-0.04,1.02
64768,0.01,-0.04,1.02
64794,0,-0.04,1.02
64821,0.01,-0.04,1.01
64847,0.01,-0.04,1.01
64874,0,-0.04,1.01
64902,0.01,-0.04,1.01
64928,0.01,-0.04,1.02
64955,0,-0.04,1.01
64982,0.01,-0.04,1.01
65008,0.01,-0.04,1.01
65035,0,-0.04,1.01
65061,0,-0.04,1.01
65089,0.01,-0.04,1.02
65116,0,-0.04,1.02
65142,0.01,-0.04,1.01
65169,0.01,-0.04,1.01
65196,0,-0.04,1.02
65222,0.01,-0.04,1.01
65250,0.01,-0.04,1.02
65276,0,-0.04,1.02
65303,0.01,-0.04,1.02
65330,0,-0.04,1.03
65356,0,-0.04,1
65383,0,-0.04,1.02
65410,0,-0.03,1.02
65437,0,-0.04,1.01
65464,0,-0.03,1.02
65491,0.01,-0.04,1.02
65518,0,-0.04,1
65545,0.01,-0.04,1.01
65571,0.01,-0.04,1.01
65599,0.01,-0.04,1.02
65626,0,-0.04,1.02
65652,0.01,-0.04,1.02
65679,0,-0.04,1.02
65705,0,-0.04,1.01
65733,0.01,-0.04,1.02
65761,0,-0.04,1.02
65787,0,-0.04,1.01
65814,0,-0.04,1.02
65841,0,-0.04,1.01
65867,0.01,-0.04,1.01
65894,0,-0.03,1.02
65922,0,-0.04,1.02
65948,0,-0.04,1.02
65975,0.01,-0.04,1.01
66001,0.01,-0.04,1.02
66028,0,-0.04,1.01
66055,0,-0.04,1.02
66081,0,-0.04,1.02
66109,0.01,-0.03,1.02
66136,0,-0.04,1.02
66162,0,-0.03,1.02
66189,0,-0.04,1.01
66215,0,-0.04,1.02
66242,0.01,-0.03,1.01
66270,0.01,-0.03,1.02
66296,0.01,-0.03,1.01
66323,0,-0.04,1.01
66350,0,-0.04,1.02
66377,0.01,-0.04,1.01
66404,0.01,-0.04,1.01
66432,0,-0.04,1.02
66458,0,-0.03,1.02
66485,0.01,-0.03,1.02
66511,0,-0.04,1.02
66538,0.01,-0.05,1.02
66565,0,-0.04,1.02
66591,0,-0.04,1.02
66619,0.02,-0.04,1.01
66646,0.01,-0.04,1.01
66672,0.01,-0.04,1.01
66699,0.01,-0.04,1.02
66725,0,-0.04,1.01
66752,0.01,-0.04,1.01
66779,0,-0.04,1.01
66806,0.01,-0.03,1.02
66833,0.01,-0.04,1.01
66860,0.01,-0.04,1.01
66886,0.01,-0.04,1.01
66913,0.01,-0.04,1.02
66939,0.01,-0.04,1.02
66967,0.01,-0.04,1.02
66994,0.01,-0.03,1.01
67020,0,-0.04,1.02
67047,0,-0.04,1.02
67074,0,-0.04,1.02
67100,0.01,-0.04,1.02
67128,0.01,-0.04,1.01
67154,0.01,-0.03,1.02
67181,0.01,-0.04,1.01
67208,0.01,-0.04,1.02
67234,0,-0.04,1.02
67261,0.01,-0.04,1.02
67289,0.01,-0.04,1.02
67315,0,-0.03,1.01
67342,0.01,-0.04,1.02
67368,0.01,-0.03,1.02
67395,0,-0.04,1.02
67422,0,-0.04,1.01
67449,0.01,-0.04,1.01
67476,0.01,-0.04,1.02
67503,0.01,-0.04,1.01
67529,0.01,-0.03,1.02
67556,0.01,-0.04,1.01
67582,0.01,-0.04,1.01
67610,0.01,-0.04,1.01
67637,0.01,-0.04,1.02
67663,0,-0.04,1.01
67690,0.01,-0.04,1.01
67717,0,-0.04,1.02
67743,0,-0.04,1.01
67770,0.01,-0.04,1.02
67798,0.01,-0.04,1.02
67824,0,-0.04,1
67851,0.01,-0.04,1.01
67877,0.01,-0.04,1.02
67904,0.01,-0.04,1.01
67931,0.01,-0.04,1.02
67958,0,-0.04,1.01
67985,0.01,-0.04,1.02
68012,0.01,-0.04,1.01
68038,0.01,-0.04,1.01
68065,0.01,-0.04,1.02
68091,0.01,-0.04,1.02
68119,0.01,-0.03,1.02
68146,0.01,-0.04,1.02
68172,0,-0.03,1.01
68199,0.01,-0.03,1.02
68226,0.01,-0.04,1.01
68252,0.01,-0.04,1.01
68279,0,-0.03,1.01
68306,0.01,-0.04,1.01
68333,0,-0.04,1.03
68360,0.01,-0.04,1.02
68386,0.01,-0.03,1.02
68413,0.01,-0.04,1.01
68440,0,-0.03,1.02
68467,0.01,-0.04,1.01
68494,0.01,-0.04,1.02
68520,0.01,-0.04,1.01
68547,-0.01,-0.04,1.03
68575,0.01,-0.04,1.01
68601,0.01,-0.04,1.02
68629,0.01,-0.04,1.02
68656,0.01,-0.03,1.02
68682,0.01,-0.04,1.02
68709,0.01,-0.04,1.01
68736,0.01,-0.04,1.02
68762,0.01,-0.04,1.03
68790,0.01,-0.04,1.01
68816,0.01,-0.04,1.02
68843,0,-0.04,1.02
68870,0,-0.04,1.01
68896,0,-0.04,1.01
68923,0.01,-0.04,1.02
68951,0.01,-0.04,1.02
68977,0,-0.04,1.02
69004,0,-0.04,1.02
69030,0.01,-0.04,1.01
69057,0.01,-0.04,1.01
69084,0,-0.04,1.02
69110,0.01,-0.03,1.01
69138,0,-0.03,1.01
69165,0,-0.04,1.01
69191,0,-0.04,1.02
69218,0.01,-0.04,1.02
69244,0.01,-0.04,1.01
69271,0.01,-0.04,1.01
69298,0.01,-0.04,1.01
69325,0,-0.04,1.01
69352,0.01,-0.04,1.01
69379,0.01,-0.04,1.01
69405,0.01,-0.04,1.01
69432,0.01,-0.03,1.01
69458,0,-0.03,1.02
69486,0.01,-0.05,1.02
69513,0.01,-0.04,1.01
69539,0.01,-0.04,1.02
69566,0.01,-0.04,1.01
69593,0.01,-0.04,1.02
69619,0,-0.04,1.01
69648,0.01,-0.04,1.02
69675,0.01,-0.04,1.02
69701,0,-0.04,1.02
69728,0.01,-0.04,1.01
69754,0.01,-0.04,1.02
69781,0,-0.04,1.02
69809,0.01,-0.04,1.01
69835,0,-0.04,1.01
69862,0.01,-0.04,1.02
69889,0,-0.03,1.01
69915,0.01,-0.04,1.02
69942,0.01,-0.04,1.02
69968,0.01,-0.04,1.01
69996,0.01,-0.04,1.02
70023,0.01,-0.04,1.01
70049,0.01,-0.04,1.01
70076,0,-0.04,1.01
70103,0.01,-0.04,1.01
70129,0.01,-0.04,1.02
70157,0.01,-0.04,1.02
70183,0.01,-0.04,1.01
70210,0.01,-0.03,1.02
70237,0,-0.03,1.02
70263,0.01,-0.03,1.01
70290,0,-0.04,1.01
70318,0.01,-0.04,1.01
70344,0.01,-0.04,1.02
70371,0,-0.04,1.01
70397,0.01,-0.03,1.02
70424,0.01,-0.04,1.01
70451,0,-0.04,1.02
70478,0.01,-0.04,1.02
70505,0.01,-0.04,1.01
70532,0,-0.03,1.01
70558,0.01,-0.03,1.02
70585,0.01,-0.04,1.01
70611,0,-0.04,1.01
70639,0.01,-0.04,1.02
70666,0,-0.04,1.02
70692,0,-0.04,1
70719,0,-0.03,1.02
70746,0.01,-0.04,1.02
70772,0.01,-0.04,1.02
70799,0.01,-0.04,1.01
70827,0,-0.04,1.02
70854,0,-0.03,1.02
70881,0.01,-0.04,1.01
70907,0.01,-0.04,1.03
70934,0.01,-0.04,1.02
70961,0.01,-0.04,1.01
70988,0.01,-0.04,1.02
71015,0,-0.03,1
71042,0,-0.04,1.01
71068,0.01,-0.04,1.01
71095,0,-0.04,1.01
71121,0.01,-0.04,1.02
71149,0.01,-0.04,1.01
71176,0.01,-0.04,1.01
71202,0,-0.04,1.01
71229,0.01,-0.04,1.01
71256,0,-0.04,1.02
71282,0,-0.03,1.03
71309,0,-0.04,1.02
71336,0.01,-0.04,1.01
71363,0.01,-0.03,1.01
71390,0,-0.04,1.02
71417,0,-0.04,1.02
71444,0.01,-0.04,1.01
71472,0,-0.05,1.01
71498,0.01,-0.04,1.02
71525,0.01,-0.04,1.01
71552,0.01,-0.04,1.02
71578,0,-0.04,1
71605,0.01,-0.04,1.02
71631,0.01,-0.04,1.03
71659,0,-0.04,1.01
71686,0.01,-0.04,1.01
71712,0.01,-0.04,1.01
71739,0,-0.04,1.01
71766,0,-0.04,1.01
71792,0.01,-0.03,1.01
71820,0,-0.04,1.01
71846,0.01,-0.04,1.01
71873,0.01,-0.04,1.01
71900,0,-0.04,1.02
71926,0,-0.03,1.02
71953,0.01,-0.04,1.02
71981,0,-0.04,1.02
72007,0.01,-0.04,1.02
72034,0,-0.03,1.02
72060,0,-0.04,1.01
72087,0,-0.04,1.02
72114,0,-0.03,1.01
72140,0,-0.03,1.01
72168,0,-0.04,1.01
72195,0.01,-0.04,1.01
72221,0,-0.04,1.01
72249,0,-0.03,1.01
72275,0,-0.03,1.02
72302,0.01,-0.03,1.02
72330,0.01,-0.04,1.02
72356,0.01,-0.04,1.01
72383,0.01,-0.04,1.02
72410,0.01,-0.04,1.02
72436,0,-0.04,1
72463,0,-0.04,1.01
72489,0.01,-0.03,1.02
72517,0,-0.04,1.02
72544,0,-0.04,1.01
72570,0.01,-0.04,1.01
72597,0.01,-0.04,1.02
72624,0.01,-0.04,1.01
72650,0.01,-0.04,1.01
72678,0.01,-0.04,1.02
72705,0.01,-0.04,1.02
72731,0.01,-0.03,1.02
72758,0,-0.04,1.01
72785,0.01,-0.04,1.01
72812,0,-0.04,1.02
72840,0,-0.04,1.02
72866,0,-0.04,1.01
72893,0.01,-0.04,1.01
72920,0.01,-0.04,1.02
72946,0.01,-0.04,1.02
72973,0.01,-0.03,1.02
73000,0,-0.04,1.01
73027,0.01,-0.04,1.01
73054,0,-0.04,1.01
73080,0,-0.04,1.01
73107,0,-0.04,1.02
73134,0.01,-0.04,1.01
73160,0.01,-0.04,1.03
73188,0.01,-0.04,1.01
73214,0.01,-0.04,1.01
73241,0.01,-0.04,1.01
73268,0.01,-0.04,1.02
73294,0,-0.04,1.01
73321,0,-0.04,1.01
73349,0.01,-0.04,1.02
73375,0,-0.04,1.02
73402,0.01,-0.04,1.01
73428,0.01,-0.04,1.02
73455,0,-0.03,1.02
73482,0.01,-0.04,1.01
73509,0.01,-0.04,1.02
73536,0,-0.04,1.01
73563,0,-0.04,1.01
73589,0.01,-0.04,1
73616,0.01,-0.04,1.02
73643,0.01,-0.03,1.02
73669,0.01,-0.03,1.02
73697,0,-0.04,1.01
73723,0.01,-0.04,1.02
73750,0,-0.04,1.01
73777,0.01,-0.04,1.02
73803,0,-0.04,1.01
73830,0,-0.05,1.02
73858,0,-0.04,1.01
73884,0.01,-0.04,1.02
73911,0,-0.04,1.02
73937,0,-0.04,1.01
73964,0,-0.04,1.01
73991,0.01,-0.04,1.01
74017,0.01,-0.04,1.02
74045,0.01,-0.04,1.01
74072,0.01,-0.04,1.01
74098,0.01,-0.04,1.01
74125,0,-0.04,1.03
74151,0.01,-0.04,1.01
74178,0,-0.04,1.02
74206,0.01,-0.04,1.01
74232,0.01,-0.04,1.02
74259,0,-0.05,1.01
74286,0.01,-0.04,1.01
74312,0.01,-0.03,1.02
74339,0.01,-0.04,1.01
74366,0.01,-0.04,1.01
74393,0,-0.04,1.01
74420,0,-0.04,1.02
74446,0.01,-0.04,1.02
74473,0.01,-0.04,1.02
74500,0.01,-0.04,1.01
74527,0.01,-0.04,1.01
74554,0.01,-0.03,1.02
74580,0.01,-0.04,1.01
74607,0,-0.04,1.02
74634,0.01,-0.04,1.02
74660,0.01,-0.03,1.01
74688,0.01,-0.04,1.02
74715,0,-0.04,1
74741,0,-0.04,1.02
74768,0.01,-0.04,1.02
74795,0.01,-0.04,1.01
74821,0,-0.04,1.02
74848,0.01,-0.04,1.01
74875,0,-0.04,1.01
74902,0.01,-0.04,1.01
74929,0,-0.03,1.03
74955,0,-0.03,1.02
74982,0.01,-0.03,1.02
75009,0,-0.04,1.02
75036,0,-0.04,1.03
75063,0.01,-0.04,1.02
75089,0,-0.04,1.01
75116,0,-0.04,1.02
75143,0,-0.04,1.02
75169,0,-0.04,1.01
75197,0.01,-0.03,1.02
75224,0.01,-0.03,1.01
75250,0.01,-0.04,1.02
75277,0.01,-0.04,1.01
75303,0.01,-0.03,1.02
75330,0.01,-0.03,1.01
75358,0.01,-0.04,1.01
75384,0.01,-0.04,1.02
75411,0,-0.04,1.02
75438,0.01,-0.04,1
75464,0,-0.03,1.01
75491,0.01,-0.04,1.01
75517,0.01,-0.04,1.02
75545,0,-0.04,1.01
75572,0,-0.04,1.02
75598,0.01,-0.04,1.02
75625,0,-0.03,1.02
75652,0,-0.04,1.01
75678,0,-0.04,1.01
75706,0,-0.04,1.02
75732,0.01,-0.04,1.01
75759,0.01,-0.03,1.02
75786,0.01,-0.04,1.02
75812,0,-0.04,1.02
75839,0.01,-0.04,1
75866,0,-0.04,1.01
75893,0.01,-0.04,1.01
75920,0,-0.04,1.01
75947,0.01,-0.04,1.02
75973,0,-0.04,1.02
76000,0,-0.04,1.01
76026,0.01,-0.04,1.02
76054,0.01,-0.04,1.02
76081,0,-0.04,1.01
76107,0,-0.04,1.01
76134,0,-0.03,1.01
76161,0.01,-0.03,1.02
76187,0.01,-0.04,1.01
76214,0.01,-0.04,1.02
76241,0,-0.04,1
76268,0.01,-0.04,1.01
76295,0,-0.03,1.01
76321,0.01,-0.03,1.01
76348,0.01,-0.03,1.01
76375,0,-0.04,1.03
76402,0,-0.04,1.01
76429,0.01,-0.04,1.02
76455,0.01,-0.03,1.01
76482,0.01,-0.04,1.01
76509,0,-0.04,1.01
76535,0.01,-0.04,1.02
76563,0.02,-0.03,1.02
76590,0,-0.04,1.01
76616,0,-0.03,1.01
76643,0.01,-0.04,1.01
76669,0,-0.04,1.02
76696,0.01,-0.03,1.01
76724,0,-0.04,1.02
76750,0,-0.04,1.02
76777,0,-0.04,1.01
76804,0.01,-0.04,1.02
76830,0.01,-0.04,1.01
76857,0.01,-0.04,1.02
76884,0.01,-0.03,1.02
76911,0,-0.04,1.02
76938,0,-0.04,1.01
76964,0,-0.03,1.01
76991,0.01,-0.03,1.02
77018,0.01,-0.04,1.01
77044,0.01,-0.04,1.01
77072,0,-0.04,1.02
77099,0.01,-0.04,1.02
77125,0,-0.04,1.01
77152,0.01,-0.03,1.02
77178,0.01,-0.04,1.02
77205,0.01,-0.04,1.02
77233,0.01,-0.03,1.01
77259,0.01,-0.04,1.02
77286,0.01,-0.04,1.02
77313,0.01,-0.04,1.02
77339,0.01,-0.03,1.02
77366,0.01,-0.04,1.02
77393,0.01,-0.04,1.01
77420,0,-0.04,1.03
77447,0.01,-0.04,1.01
77473,0.01,-0.04,1.01
77500,0,-0.04,1.01
77527,0.01,-0.04,1.01
77554,0,-0.04,1.02
77581,0.01,-0.04,1.01
77607,0.01,-0.03,1.01
77634,0,-0.04,1.01
77661,0.01,-0.04,1.02
77687,0.01,-0.04,1.01
77715,0.01,-0.04,1.01
77742,0,-0.04,1.01
77768,0.01,-0.04,1.01
77795,0.01,-0.03,1.01
77821,0,-0.04,1.02
77848,0,-0.03,1.01
77875,0,-0.04,1.02
77902,0.01,-0.04,1.02
77929,0,-0.04,1.02
77956,0.01,-0.04,1.01
77982,0,-0.03,1.02
78009,0.01,-0.04,1.01
78035,0.01,-0.03,1.02
78063,0.01,-0.03,1.02
78090,0,-0.04,1.01
78117,0.01,-0.03,1.02
78144,0.01,-0.04,1.02
78171,0,-0.04,1.02
78197,0.01,-0.04,1.02
78225,0,-0.04,1.02
78252,0.01,-0.04,1.02
78278,0,-0.04,1.02
78305,0,-0.04,1.01
78331,0.01,-0.04,1.01
78358,0.01,-0.04,1.02
78386,0.01,-0.04,1.02
78412,0,-0.04,1.02
78440,0.01,-0.04,1.02
78467,0.01,-0.04,1.02
78493,0.01,-0.04,1.02
78520,0,-0.04,1.01
78547,0.01,-0.03,1.02
78574,0,-0.04,1.01
78601,0,-0.04,1.01
78627,0.01,-0.04,1.01
78654,0.01,-0.04,1.01
78681,0.01,-0.04,1.01
78707,0,-0.03,1.01
78734,0,-0.04,1.02
78761,0.01,-0.04,1.01
78788,0.01,-0.04,1.01
78815,0,-0.04,1.01
78842,0.01,-0.04,1.01
78869,0.01,-0.04,1.01
78897,0.01,-0.04,1.02
78923,0.01,-0.04,1.02
78950,0,-0.04,1.01
78977,0,-0.04,1.01
79003,0.01,-0.04,1.02
79030,0.01,-0.04,1.02
79056,0.01,-0.03,1.02
79084,0,-0.03,1.02
79111,0.01,-0.04,1.02
79137,0,-0.04,1.02
79164,0.01,-0.04,1.01
79191,0,-0.03,1
79217,0.01,-0.04,1.01
79245,0,-0.03,1.01
79271,0.01,-0.04,1.03
79298,0,-0.04,1.01
79325,0.01,-0.03,1.02
79351,0,-0.04,1.01
79378,0,-0.04,1.01
79406,0.01,-0.04,1.01
79432,0,-0.04,1.02
79459,0,-0.04,1.02
79485,0,-0.04,1.02
79512,0.01,-0.04,1.01
79539,0.01,-0.04,1.01
79566,0,-0.03,1.01
79593,0,-0.04,1.02
79620,0,-0.04,1.02
79646,0.01,-0.04,1.01
79673,0,-0.04,1.02
79700,0,-0.04,1.01
79727,0.01,-0.03,1.02
79755,0.01,-0.04,1.01
79781,0,-0.04,1.01
79808,0,-0.04,1.02
79835,0.01,-0.04,1.01
79861,0.01,-0.04,1.02
79888,0.01,-0.05,1.01
79916,0,-0.05,1.02
79942,0.01,-0.04,1.01
79969,0.01,-0.04,1.01
79995,0.01,-0.04,1.01
80022,0.01,-0.04,1.02
80049,0.01,-0.04,1.02
80076,0,-0.04,1.02
80103,0.01,-0.04,1.02
80130,0.01,-0.04,1.01
80156,0.01,-0.04,1.01
80183,0.01,-0.04,1.01
80209,0,-0.03,1.01
80237,0.01,-0.04,1.02
80264,0.01,-0.04,1.01
80290,0,-0.04,1.01
80317,0.01,-0.04,1.01
80344,0,-0.04,1.01
80371,0.01,-0.04,1.01
80399,0.01,-0.05,1.01
80425,0,-0.04,1.01
80453,0.01,-0.04,1.01
80480,0.01,-0.04,1.01
80506,0.01,-0.04,1.01
80533,0,-0.04,1.01
80560,0,-0.04,1.02
80587,0.01,-0.04,1.02
80614,0,-0.04,1.01
80641,0.01,-0.04,1.01
80667,0.01,-0.04,1.01
80694,0.01,-0.04,1.02
80720,0,-0.04,1.01
80748,0.01,-0.04,1.02
80775,0.01,-0.04,1.02
80801,0,-0.04,1.01
80828,0.01,-0.04,1.01
80855,0.01,-0.04,1.02
80881,0,-0.04,1.02
80908,0.01,-0.04,1.02
80935,0.01,-0.04,1.01
80962,0,-0.04,1.01
80989,0,-0.03,1.02
81016,0.01,-0.04,1.01
81043,0.01,-0.04,1.01
81070,0.01,-0.04,1.02
81097,0,-0.04,1.02
81124,0,-0.04,1.02
81150,0.01,-0.04,1.02
81177,0,-0.04,1.01
81204,0,-0.04,1.01
81230,0.01,-0.04,1.01
81258,0.01,-0.04,1.01
81285,0.01,-0.04,1.02
81311,0.01,-0.04,1
81338,0.01,-0.04,1.02
81364,0.01,-0.04,1.01
81391,0,-0.04,1.01
81418,0,-0.04,1.01
81446,0.01,-0.03,1.02
81473,0.01,-0.04,1.01
81500,0.01,-0.04,1.01
81526,0,-0.04,1.01
81553,0,-0.04,1.01
81580,0.01,-0.05,1.02
81607,0.01,-0.04,1.02
81634,0,-0.04,1.01
81660,0,-0.04,1.02
81687,0,-0.04,1.02
81714,0.01,-0.04,1.01
81740,0,-0.04,1.02
81767,0.01,-0.05,1.01
81795,0.01,-0.04,1.02
81821,0,-0.04,1.02
81848,0.01,-0.03,1.01
81874,0,-0.04,1.01
81901,0.01,-0.04,1.02
81928,0,-0.04,1.01
81955,0.01,-0.04,1.03
81982,0.01,-0.04,1.02
82009,0.01,-0.04,1.02
82035,0,-0.04,1.02
82062,0.01,-0.04,1
82088,0,-0.04,1.01
82115,0.01,-0.04,1.02
82143,0.01,-0.04,1.02
82169,0.01,-0.03,1.02
82196,0.01,-0.04,1.02
82223,0.01,-0.04,1.02
82249,0,-0.04,1.02
82276,0,-0.04,1.02
82304,0.01,-0.04,1.01
82330,0,-0.04,1.02
82357,0.01,-0.04,1.02
82383,0.01,-0.04,1.02
82410,0.01,-0.04,1.02
82437,0.01,-0.04,1.01
82464,0.01,-0.04,1.01
82491,0,-0.04,1.02
82518,0.01,-0.04,1.02
82544,0,-0.04,1.01
82572,0.01,-0.04,1.01
82598,0,-0.04,1.02
82625,0.01,-0.04,1.01
82653,0,-0.04,1.01
82679,0.01,-0.04,1.02
82706,0,-0.04,1.02
82733,0.01,-0.03,1.01
82759,0.01,-0.04,1.01
82786,0,-0.04,1
82812,0,-0.04,1.02
82840,0.01,-0.04,1.02
82867,0,-0.04,1.01
82893,0,-0.04,1.02
82920,0.01,-0.04,1.02
82947,0.01,-0.04,1.02
82973,0,-0.04,1.02
83001,0.01,-0.04,1.01
83027,0,-0.03,1.02
83054,0.01,-0.04,1.01
83081,0.01,-0.04,1.01
83107,0,-0.04,1.03
83134,0.01,-0.04,1.02
83162,0.01,-0.04,1.01
83188,0,-0.05,1.02
83215,0,-0.04,1.01
83243,0,-0.04,1.01
83269,0.01,-0.03,1.02
83296,0.01,-0.04,1.01
83323,0.01,-0.04,1.02
83350,0,-0.03,1.01
83377,0,-0.04,1.01
83403,0,-0.03,1.02
83430,0,-0.03,1.02
83457,0.01,-0.04,1.01
83483,0.01,-0.04,1.02
83511,0.01,-0.04,1.01
83537,0,-0.04,1.02
83565,0.01,-0.04,1.03
83592,0,-0.04,1.02
83618,0.01,-0.03,1.02
83645,0,-0.04,1.02
83673,0,-0.04,1.01
83699,0,-0.04,1
83726,0,-0.04,1.02
83752,0,-0.03,1.01
83779,0.01,-0.04,1
83806,0.01,-0.04,1.02
83833,0.01,-0.04,1.02
83860,0.01,-0.04,1.02
83887,0.01,-0.04,1.02
83913,0,-0.03,1.01
83940,0.01,-0.04,1.02
83966,0.01,-0.04,1.02
83994,0.01,-0.04,1.03
84021,0,-0.04,1.02
84047,0.01,-0.04,1.01
84074,0.01,-0.04,1.01
84101,0.01,-0.04,1.01
84127,0.01,-0.04,1.01
84154,0.01,-0.04,1.01
84182,0,-0.04,1.01
84208,0,-0.04,1.02
84235,0,-0.04,1.02
84261,0,-0.04,1.02
84288,0.01,-0.04,1.01
84315,0.01,-0.04,1.01
84342,0,-0.03,1.02
84369,0,-0.04,1.01
84396,0.01,-0.04,1.02
84422,0.01,-0.04,1.02
84449,0.01,-0.04,1.01
84475,0.01,-0.04,1.02
84503,0.01,-0.03,1.02
84530,0,-0.03,1.02
84556,0.01,-0.04,1.01
84583,0.01,-0.04,1.01
84610,0.01,-0.04,1.01
84636,0.01,-0.04,1.02
84663,0.01,-0.04,1.01
84690,0.01,-0.04,1.02
84717,0.01,-0.04,1.01
84744,0.01,-0.04,1.01
84770,0,-0.04,1.01
84797,0.01,-0.04,1.02
84824,0,-0.04,1.02
84850,0,-0.04,1.02
84878,0,-0.04,1.02
84904,0.01,-0.04,1.02
84931,0.01,-0.04,1.01
84958,0.01,-0.04,1.02
84984,0,-0.04,1.02
85011,0.01,-0.04,1.01
85039,0.01,-0.04,1.01
85065,0,-0.04,1.02
85092,0.01,-0.03,1.01
85118,0.01,-0.04,1.02
85145,0.01,-0.04,1.01
85172,0,-0.04,1.02
85199,0,-0.04,1.01
85226,0.01,-0.03,1.01
85253,0.01,-0.03,1.02
85279,0.01,-0.04,1.02
85306,0,-0.04,1.01
85332,0.01,-0.04,1.01
85359,0.01,-0.04,1.02
85387,0,-0.04,1.02
85414,0,-0.04,1.01
85441,0.01,-0.04,1.01
85468,0,-0.04,1.01
85495,0.01,-0.04,1.01
85523,0.01,-0.04,1.01
85550,0.01,-0.04,1.02
85576,0.01,-0.04,1.01
85603,0,-0.04,1.01
85629,0.01,-0.04,1.01
85656,0.01,-0.04,1.01
85683,0,-0.04,1.01
85711,0,-0.04,1.02
85738,0.01,-0.03,1.01
85765,0.01,-0.04,1.01
85791,0.01,-0.04,1.02
85818,0,-0.04,1.02
85844,0,-0.04,1.01
85872,0.01,-0.04,1.02
85899,0,-0.04,1.03
85925,0,-0.04,1
85952,0,-0.04,1.01
85979,0,-0.03,1.01
86005,0.01,-0.04,1.02
86033,0.01,-0.04,1.02
86060,0,-0.04,1.02
86086,0,-0.04,1.01
86113,0,-0.04,1.01
86139,0,-0.04,1.02
86167,0.01,-0.04,1.01
86195,0.01,-0.04,1.01
86221,0.01,-0.04,1.02
86248,0.01,-0.04,1.02
86275,0.01,-0.04,1.01
86301,0.01,-0.04,1.01
86328,0.01,-0.03,1.01
86355,0.01,-0.04,1.01
86382,0.01,-0.04,1.01
86409,0,-0.04,1.02
86435,0.01,-0.04,1.03
86462,0.01,-0.04,1.01
86489,0,-0.04,1.01
86516,0,-0.04,1.01
86543,0.01,-0.04,1.02
86569,0,-0.04,1.02
86596,0,-0.04,1.02
86623,0.01,-0.03,1.01
86649,0.01,-0.04,1.01
86676,0,-0.04,1.02
86704,0,-0.04,1.01
86730,0,-0.04,1.02
86757,0.01,-0.04,1.01
86784,0,-0.04,1.01
86810,0.01,-0.04,1.02
86837,0.01,-0.04,1.02
86864,0.01,-0.04,1.01
86891,0,-0.03,1.01
86918,0.01,-0.03,1.03
86944,0.01,-0.04,1.01
86971,0.01,-0.04,1.02
86998,0,-0.04,1.01
87024,0.01,-0.04,1.01
87052,0.01,-0.04,1.02
87078,0.01,-0.05,1.01
87105,0.01,-0.04,1.02
87132,0,-0.04,1.02
87158,0.01,-0.03,1.01
87185,0.01,-0.04,1.01
87213,0.01,-0.04,1.02
87239,0,-0.03,1.02
87266,0.01,-0.03,1.02
87292,0.01,-0.04,1.02
87319,0,-0.04,1.02
87346,0,-0.04,1.01
87373,0.01,-0.04,1.02
87400,0.01,-0.04,1.01
87427,0,-0.04,1.02
87453,0,-0.04,1.02
87480,0,-0.04,1.02
87506,0.01,-0.04,1.01
87534,0,-0.04,1.01
87562,0.01,-0.04,1.01
87588,0.01,-0.03,1.01
87615,0.01,-0.04,1.02
87642,0,-0.04,1.02
87668,0.01,-0.04,1.01
87696,0.01,-0.04,1.01
87723,0,-0.04,1.01
87749,0,-0.03,1.02
87776,0,-0.04,1.01
87802,0.01,-0.04,1.02
87829,0.01,-0.04,1.02
87856,0,-0.04,1.03
87883,0.01,-0.04,1.02
87910,0.01,-0.04,1.01
87937,0,-0.04,1.03
87963,0.01,-0.04,1.02
87990,0.01,-0.04,1.02
88016,0.01,-0.04,1.01
88044,0,-0.04,1.02
88071,0,-0.04,1.02
88097,0,-0.04,1.01
88124,0.01,-0.04,1.03
88151,0.01,-0.03,1.03
88177,0,-0.05,1.02
88204,0,-0.04,1.02
88231,0,-0.04,1.01
88258,0.01,-0.04,1.01
88285,0.01,-0.04,1.01
88311,0.01,-0.04,1.02
88338,0,-0.04,1.01
88365,0,-0.04,1.02
88392,0.01,-0.04,1.02
88419,0,-0.04,1.03
88445,0.01,-0.04,1.02
88472,0.01,-0.04,1.02
88499,0,-0.04,1.02
88525,0.01,-0.04,1.02
88553,0,-0.04,1.01
88580,0.01,-0.04,1.02
88606,0,-0.04,1.02
88633,0.01,-0.03,1.01
88659,0.01,-0.04,1.02
88686,0.01,-0.04,1.01
88714,0,-0.04,1.01
88740,0,-0.04,1.02
88767,0.01,-0.04,1.02
88794,0,-0.03,1.02
88820,0,-0.04,1.01
88847,0,-0.04,1.01
88873,0.01,-0.04,1.02
88901,0.01,-0.04,1.02
88928,0,-0.04,1.01
88954,0,-0.04,1.01
88981,0,-0.04,1.03
89008,0.01,-0.04,1.01
89034,0,-0.04,1.02
89062,0,-0.04,1.01
89089,0.01,-0.04,1.02
89115,0.01,-0.03,1.02
89142,0,-0.04,1.02
89168,0,-0.04,1.01
89195,0.01,-0.04,1.02
89223,0.01,-0.04,1.01
89249,0.01,-0.04,1.02
89276,0.01,-0.03,1.02
89303,0,-0.04,1.02
89329,0.01,-0.04,1.02
89356,0,-0.04,1.02
89382,0.01,-0.04,1.02
89410,0.01,-0.04,1.01
89437,0.01,-0.04,1.01
89463,0.01,-0.04,1.01
89490,0,-0.04,1.03
89517,0.01,-0.03,1.02
89543,0.01,-0.04,1.01
89570,0.01,-0.04,1.01
89597,0.01,-0.04,1.01
89624,0,-0.04,1.02
89651,0.01,-0.04,1.02
89677,0.01,-0.03,1.01
89704,0,-0.04,1.01
89731,0.01,-0.04,1.02
89758,0.01,-0.04,1.01
89785,0.01,-0.04,1.02
89811,0.01,-0.04,1.01
89838,0,-0.04,1.02
89865,0.01,-0.04,1.01
89891,0,-0.03,1.01
89920,0.01,-0.04,1.02
89947,0.01,-0.04,1.01
89973,0.01,-0.04,1.02
90000,0.01,-0.04,1.02
90027,0.01,-0.04,1.02
90053,0,-0.03,1.01
90081,0,-0.04,1.01
90107,0.01,-0.04,1.02
90134,0,-0.04,1.01
90161,0.01,-0.04,1.02
90187,0,-0.03,1.02
90214,0.01,-0.04,1.01
90241,0.01,-0.04,1.01
90268,0.01,-0.04,1.02
90295,0,-0.04,1.02
90321,0,-0.05,1.01
90348,0.01,-0.04,1.02
90375,0.01,-0.04,1.02
90401,0,-0.04,1.02
90429,0,-0.04,1.02
90456,0,-0.04,1.01
90482,0.01,-0.04,1.02
90509,0.01,-0.04,1.02
90535,0,-0.04,1.02
90562,0,-0.04,1.02
90590,0.01,-0.04,1.01
90616,0,-0.04,1.02
90643,0,-0.05,1.01
90670,0,-0.04,1.01
90696,0,-0.03,1.01
90723,0.01,-0.03,1.02
90749,0.01,-0.04,1.02
90777,0,-0.04,1.02
90804,0,-0.04,1.01
90830,0.01,-0.04,1.03
90857,0.01,-0.04,1.01
90884,0,-0.03,1.02
90910,0.01,-0.04,1.01
90938,0.01,-0.04,1.01
90964,0.01,-0.04,1.01
90991,0.01,-0.05,1.02
91018,0.01,-0.03,1.02
91044,0.01,-0.04,1
91071,0,-0.04,1.02
91099,0,-0.04,1.01
91125,0,-0.04,1.01
91152,0.01,-0.04,1.02
91179,0,-0.04,1.01
91205,0,-0.03,1.01
91232,0.01,-0.04,1.02
91259,0.01,-0.04,1.02
91286,0.01,-0.04,1.02
91313,0.01,-0.04,1.02
91339,0.01,-0.04,1.01
91366,0.01,-0.04,1.02
91393,0.01,-0.03,1.02
91419,0,-0.04,1.01
91447,0.01,-0.04,1.01
91473,0.01,-0.04,1.01
91500,0.01,-0.04,1.01
91527,0,-0.04,1.01
91553,0,-0.04,1.01
91580,0.01,-0.04,1.02
91608,0.01,-0.04,1.01
91634,0,-0.04,1.01
91661,0.01,-0.03,1.02
91687,0.01,-0.04,1.02
91714,0,-0.04,1.01
91741,0.01,-0.04,1.02
91768,0,-0.04,1.02
91795,0,-0.04,1.01
91822,0.01,-0.04,1.01
91848,0,-0.04,1.02
91875,0,-0.04,1.02
91901,0.01,-0.04,1.01
91929,0.01,-0.04,1.02
91956,0,-0.03,1.01
91982,0.01,-0.04,1.01
92009,0.01,-0.04,1.01
92036,0.01,-0.04,1
92062,0.01,-0.04,1.01
92089,0,-0.04,1.02
92116,0.01,-0.04,1.02
92143,0.01,-0.04,1.02
92170,0.01,-0.04,1.02
92196,0.01,-0.04,1.02
92223,0.01,-0.04,1.01
92250,0.01,-0.04,1.01
92277,0.01,-0.04,1.02
92304,0,-0.04,1.02
92331,0,-0.04,1.02
92357,0.01,-0.04,1.02
92384,0,-0.03,1.01
92410,0,-0.04,1.02
92438,0.01,-0.03,1.01
92465,0.01,-0.04,1.01
92491,0.01,-0.04,1.01
92518,0,-0.04,1.01
92545,0.01,-0.04,1.02
92571,0.01,-0.04,1.01
92599,0,-0.04,1.02
92625,0,-0.03,1.01
92652,0.01,-0.03,1.01
92679,0,-0.04,1.01
92705,0.01,-0.04,1.01
92732,0,-0.04,1.02
92759,0.01,-0.04,1.01
92786,0.01,-0.03,1.01
92813,-0.01,-0.04,1.02
92840,0,-0.04,1.01
92867,0.01,-0.04,1.02
92894,0.01,-0.04,1.02
92921,0.01,-0.04,1.02
92948,0.01,-0.04,1.02
92975,0,-0.04,1.03
93001,0,-0.04,1.01
93028,0.01,-0.04,1.02
93054,0.01,-0.04,1.02
93081,0.01,-0.03,1.01
93109,0.01,-0.04,1.01
93135,0,-0.04,1.01
93162,0,-0.04,1.02
93189,0.01,-0.04,1
93215,0.01,-0.04,1.02
93242,0.01,-0.04,1.02
93270,0,-0.04,1.01
93296,0.01,-0.04,1.02
93323,0.01,-0.04,1.02
93349,0.01,-0.04,1.01
93376,0.01,-0.04,1.02
93403,0.02,-0.03,1.02
93430,0.01,-0.04,1.01
93457,0,-0.04,1.01
93484,0,-0.04,1.02
93510,0.01,-0.03,1.02
93537,0.01,-0.04,1.01
93563,0,-0.05,1.01
93590,0.01,-0.04,1.01
93618,0,-0.03,1.01
93644,0,-0.04,1.02
93671,0,-0.03,1.02
93698,0,-0.04,1.02
93724,0.01,-0.04,1.03
93751,0.01,-0.04,1.01
93778,0.01,-0.04,1.02
93805,0,-0.03,1.03
93832,0.01,-0.04,1.02
93858,0.01,-0.04,1.01
93885,0,-0.04,1.01
93912,0,-0.03,1.02
93939,0.01,-0.03,1.01
93966,0,-0.04,1.01
93992,0.01,-0.04,1.01
94019,0,-0.04,1.01
94046,0.01,-0.04,1.02
94072,0,-0.04,1.01
94100,0.01,-0.04,1.01
94127,0.01,-0.04,1
94153,0.01,-0.04,1.01
94180,0,-0.04,1.01
94206,0.01,-0.04,1.02
94233,0.01,-0.04,1.01
94260,0,-0.03,1.01
94287,0,-0.04,1.02
94314,0,-0.04,1.02
94342,0.01,-0.04,1.02
94368,0,-0.04,1.02
94395,0.01,-0.04,1.01
94422,0.01,-0.04,1.02
94449,0,-0.04,1.02
94476,0.01,-0.04,1.01
94502,0.01,-0.04,1.02
94529,0,-0.04,1.02
94556,0.01,-0.04,1.02
94582,0.01,-0.04,1.02
94610,0.01,-0.04,1.01
94637,0,-0.04,1.02
94663,0,-0.04,1.02
94691,0,-0.03,1.01
94718,0.01,-0.04,1.02
94745,0,-0.04,1.02
94773,0.01,-0.05,1.01
94799,0,-0.04,1.01
94826,0,-0.04,1.01
94853,0,-0.04,1.02
94879,0.02,-0.03,1.02
94906,0,-0.04,1.01
94932,0,-0.03,1.02
94960,0.01,-0.04,1.01
94987,0.01,-0.03,1.02
95013,0,-0.04,1.02
95040,0.01,-0.03,1.02
95067,0.01,-0.04,1.02
95093,0,-0.04,1.01
95120,0.01,-0.04,1.01
95148,0.01,-0.04,1.02
95174,0,-0.03,1.01
95201,0,-0.04,1
95227,0.01,-0.04,1.02
95254,0,-0.04,1.01
95281,0.01,-0.04,1.02
95308,0.01,-0.04,1.01
95335,0.01,-0.03,1.02
95362,0,-0.04,1.01
95388,0.01,-0.04,1.02
95415,0.01,-0.04,1.01
95441,0,-0.04,1.01
95469,0.01,-0.03,1.02
95496,0,-0.04,1
95523,0.01,-0.04,1.01
95550,0,-0.04,1.01
95578,0.01,-0.03,1.01
95604,0,-0.04,1.01
95632,0,-0.04,1.01
95659,0.01,-0.03,1.01
95685,0,-0.03,1.01
95712,0.01,-0.03,1.02
95738,0,-0.04,1.01
95765,0.01,-0.04,1.02
95793,0.01,-0.04,1.02
95819,0.01,-0.04,1.01
95846,0.01,-0.04,1.02
95873,0.01,-0.04,1.02
95899,0.01,-0.04,1.01
95926,0.01,-0.04,1.01
95952,0,-0.04,1.01
95980,0.01,-0.04,1.01
96007,0,-0.04,1.01
96033,0.01,-0.04,1.02
96060,0,-0.04,1.01
96087,0.01,-0.04,1.01
96113,0.01,-0.04,1.01
96141,0.01,-0.04,1.02
96167,0.01,-0.04,1.02
96194,0.01,-0.04,1.01
96221,0.01,-0.04,1.02
96247,0,-0.04,1
96274,0.01,-0.04,1.01
96302,0.01,-0.04,1.02
96328,0.01,-0.04,1.01
96355,0,-0.04,1.02
96381,0,-0.04,1.01
96408,0.01,-0.03,1.02
96435,0,-0.04,1.01
96461,0,-0.04,1.02
96489,0,-0.04,1.01
96516,0.01,-0.04,1.01
96542,0.01,-0.04,1.03
96569,0,-0.04,1.01
96595,0,-0.04,1
96623,0.01,-0.04,1.01
96651,0.01,-0.04,1.01
96677,0.01,-0.04,1.02
96704,0.01,-0.04,1.01
96731,0,-0.04,1.01
96757,0.01,-0.03,1.04
96784,0,-0.04,1.01
96812,0,-0.03,1.02
96838,0.01,-0.04,1.02
96865,0.01,-0.04,1.01
96891,0.01,-0.04,1.02
96918,0.01,-0.04,1.01
96945,0.01,-0.04,1.01
96972,0.01,-0.04,1
96999,0.01,-0.03,1.02
97026,0.01,-0.04,1.02
97052,0.01,-0.04,1.01
97079,0,-0.04,1.02
97105,0,-0.04,1.03
97132,0.01,-0.04,1.02
97160,0.01,-0.04,1.01
97186,0.01,-0.04,1.02
97213,0.01,-0.04,1.01
97240,0.01,-0.04,1.01
97266,0.01,-0.04,1.02
97293,0.01,-0.03,1.01
97320,0.01,-0.04,1.02
97347,0,-0.03,1.01
97374,0,-0.04,1.02
97400,0.01,-0.03,1.01
97427,0.01,-0.04,1.01
97454,0,-0.04,1.02
97481,0,-0.04,1.01
97508,0,-0.04,1.02
97534,0.01,-0.04,1.01
97561,0,-0.04,1.01
97588,0,-0.04,1.01
97614,0,-0.04,1.02
97642,0.01,-0.04,1.02
97669,0.01,-0.04,1.01
97695,0.01,-0.04,1.01
97722,0.01,-0.03,1.01
97748,0,-0.04,1.02
97775,0,-0.04,1.01
97802,0.01,-0.04,1.01
97829,0.01,-0.04,1.02
97856,0.01,-0.04,1.02
97883,0.01,-0.04,1.01
97909,0,-0.04,1.01
97936,0.01,-0.03,1.02
97963,0.01,-0.04,1.01
97990,0,-0.04,1
98017,0,-0.04,1.02
98043,0.01,-0.04,1.03
98070,0.01,-0.03,1.02
98097,0,-0.04,1.01
98123,0.01,-0.04,1.01
98151,0,-0.04,1
98178,0,-0.04,1.02
98204,0.01,-0.04,1.02
98231,0,-0.04,1.02
98257,0,-0.04,1.01
98284,0.01,-0.04,1.01
98311,0.01,-0.04,1.01
98338,0.01,-0.04,1.02
98365,0.01,-0.04,1
98392,0.01,-0.04,1.02
98418,0.01,-0.04,1.02
98445,0,-0.04,1.02
98471,0.01,-0.04,1.02
98499,0.01,-0.04,1.01
98526,0,-0.04,1.02
98552,0.01,-0.04,1.01
98579,0.01,-0.04,1.02
98606,0.01,-0.04,1.01
98632,0,-0.04,1.01
98660,0,-0.04,1.02
98686,0.01,-0.04,1.02
98713,0.01,-0.04,1.02
98740,0.01,-0.04,1.01
98766,0.01,-0.04,1.01
98793,0.01,-0.05,1.01
98821,0.01,-0.03,1.01
98847,0.01,-0.04,1.02
98874,0.01,-0.04,1.01
98900,0,-0.03,1.02
98927,0.01,-0.04,1.02
98954,0.01,-0.03,1.02
98981,0,-0.04,1.02
99008,0.01,-0.04,1.01
99035,0,-0.04,1.01
99061,0,-0.04,1.02
99089,0.01,-0.04,1.01
99116,0.01,-0.04,1.02
99142,0.01,-0.04,1.02
99170,0,-0.04,1.02
99196,0.01,-0.04,1.02
99223,0,-0.04,1.03
99250,0,-0.04,1.01
99277,0,-0.04,1.02
99304,0.01,-0.04,1.02
99332,0,-0.04,1.02
99358,0.01,-0.04,1.02
99385,0.01,-0.03,1.01
99411,0.01,-0.04,1.01
99438,0,-0.04,1.01
99465,0.01,-0.04,1.01
99492,0.01,-0.03,1.01
99519,0.01,-0.04,1.02
99546,0,-0.04,1.02
99572,0,-0.03,1.02
99599,0.01,-0.04,1.02
99625,0.01,-0.04,1.02
99653,0.01,-0.04,1.01
99680,0,-0.04,1
99706,0,-0.04,1.01
99733,0,-0.04,1.01
99760,0,-0.04,1.02
99786,0.01,-0.04,1.02
99813,0.01,-0.04,1.01
99841,0.01,-0.04,1.01
99867,0.01,-0.03,1.02
99894,0.01,-0.04,1.01
99920,0.01,-0.04,1.01
99947,0.01,-0.04,1.01
99974,0.01,-0.04,1.01
100001,0.01,-0.03,1.02
100029,0,-0.04,1.01
100057,0.01,-0.04,1.01
100084,0.01,-0.04,1.01
100113,0.01,-0.03,1.02
100141,0,-0.04,1.01
100169,0.01,-0.04,1.01
100197,0.01,-0.04,1.02
100225,0,-0.04,1.02
100253,0.01,-0.04,1.01
100281,0.02,-0.04,1.01
100308,0.01,-0.04,1.01
100336,0,-0.04,1.01
100365,0.01,-0.04,1.02
100392,0,-0.04,1.01
100421,0.01,-0.04,1.02
100449,0,-0.04,1.01
100477,0,-0.04,1.01
100505,0.01,-0.04,1.01
100533,0,-0.04,1.01
100560,0,-0.04,1.01
100588,0.01,-0.04,1.02
100617,0.01,-0.04,1.01
100644,0.01,-0.04,1.02
100672,0,-0.04,1.01
100700,0,-0.04,1.03
100727,0.01,-0.04,1.01
100756,0.01,-0.03,1.02
100784,0,-0.04,1.02
100811,0.01,-0.04,1.01
100839,0.01,-0.03,1.02
100868,0,-0.04,1.02
100895,0.01,-0.04,1.02
100923,0.01,-0.04,1.02
100951,0.01,-0.04,1.01
100978,0.01,-0.03,1.01
101007,0,-0.04,1.02
101035,0,-0.04,1.01
101062,0.01,-0.03,1.01
101090,0,-0.04,1.01
101118,0,-0.03,1.01
101146,0.01,-0.04,1.02
101174,0.01,-0.04,1.02
101201,0,-0.04,1.02
101230,0.01,-0.04,1.02
101258,0.01,-0.04,1.01
101285,0.01,-0.04,1.03
101313,0.01,-0.04,1.01
101341,0.01,-0.04,1.01
101369,0.01,-0.03,1.01
101397,0,-0.04,1.02
101425,0.01,-0.04,1.02
101452,0.01,-0.04,1.02
101481,0.01,-0.03,1.01
101509,0.01,-0.04,1.02
101536,0,-0.04,1.01
101564,0,-0.04,1.01
101592,0.01,-0.04,1.01
101620,0.01,-0.04,1.01
101648,0.01,-0.04,1.02
101676,0.01,-0.04,1
101703,0.01,-0.04,1.01
101732,0.01,-0.04,1.02
101760,0,-0.04,1.02
101787,0.01,-0.04,1.02
101815,0.01,-0.04,1.02
101843,0,-0.04,1.02
101871,0,-0.04,1.02
101899,0.01,-0.04,1.01
101926,0.01,-0.04,1.02
101954,0.01,-0.03,1.02
101983,0.01,-0.04,1.02
102010,0.01,-0.03,1.02
102038,0.01,-0.04,1.01
102066,0.01,-0.04,1.01
102094,0,-0.04,1.01
102122,0.01,-0.04,1.01
102150,0,-0.03,1.02
102177,0.01,-0.04,1
102205,0,-0.04,1.02
102234,0,-0.03,1.02
102261,0.01,-0.03,1.01
102289,0.01,-0.04,1.02
102317,0.01,-0.04,1.01
102345,0.01,-0.04,1.02
102373,0,-0.04,1.01
102401,0,-0.03,1.01
102428,0,-0.04,1.02
102456,0.01,-0.04,1.02
102484,0.01,-0.04,1.01
102512,0,-0.04,1.03
102540,0.01,-0.04,1.02
102567,0.01,-0.04,1.01
102596,0,-0.04,1.02
102624,0.01,-0.04,1
102651,0,-0.04,1.01
102679,0.01,-0.04,1.01
102707,0.01,-0.04,1.02
102735,0.01,-0.04,1.02
102763,0.01,-0.03,1.02
102791,0.01,-0.04,1.02
102818,0,-0.04,1
102847,0,-0.05,1.01
102875,0.01,-0.04,1.01
102902,0.01,-0.04,1.01
102930,0.01,-0.04,1.01
102958,0,-0.04,1.02
102986,0,-0.04,1.02
103014,0.01,-0.04,1.01
103042,0,-0.04,1.01
103069,0.01,-0.04,1.01
103098,0,-0.04,1.01
103126,0,-0.04,1.01
103153,0.01,-0.04,1.02
103181,0,-0.04,1.01
103208,0.01,-0.03,1.02
103237,0,-0.04,1.01
103265,0.01,-0.05,1.01
103292,0.01,-0.04,1.01
103320,0,-0.04,1.02
103349,0,-0.04,1.01
103376,0.01,-0.04,1.01
103404,0,-0.04,1.01
103432,0.01,-0.04,1.01
103459,0.01,-0.04,1.01
103488,0,-0.04,1.02
103516,0.01,-0.03,1.01
103543,0,-0.03,1.02
103571,0,-0.04,1.01
103600,0.01,-0.04,1.02
103627,0,-0.04,1.02
103655,0.01,-0.03,1.02
103683,0.01,-0.04,1.01
103710,0,-0.04,1.01
103739,0.01,-0.04,1.01
103767,0.01,-0.03,1.01
103794,0,-0.04,1.02
103822,0.01,-0.04,1.01
103851,0,-0.04,1
103878,0.01,-0.04,1.02
103906,0.01,-0.04,1.01
103933,0,-0.04,1
103961,0.01,-0.04,1.03
103990,0.01,-0.04,1.02
104017,0.01,-0.03,1.01
104045,0,-0.04,1.01
104073,0.01,-0.04,1.02
104101,0.01,-0.04,1.02
104129,0,-0.03,1.02
104157,0.01,-0.03,1.01
104184,0,-0.04,1.02
104213,0,-0.04,1.01
104242,0.01,-0.04,1.01
104269,0.01,-0.04,1.01
104297,0.01,-0.04,1.01
104325,0,-0.04,1.02
104353,0.01,-0.04,1.02
104381,0.01,-0.04,1.01
104409,0.01,-0.04,1.01
104436,0.01,-0.04,1.02
104465,0,-0.04,1.02
104493,0,-0.04,1.01
104520,0,-0.04,1.02
104548,0.01,-0.04,1.02
104576,0.01,-0.04,1.01
104604,0.01,-0.04,1.02
104632,0,-0.03,1.01
104659,0,-0.04,1.01
104687,0.01,-0.04,1.02
104716,0.01,-0.04,1.01
104743,0,-0.04,1.02
104771,0,-0.04,1.02
104800,0.01,-0.04,1.02
104827,0.01,-0.04,1.01
104856,0.01,-0.04,1.01
104884,0.01,-0.04,1.02
104911,0.01,-0.04,1.01
104939,0,-0.04,1.01
104968,0.01,-0.04,1.01
104995,0.01,-0.04,1.02
105023,0,-0.04,1.01
105051,0.01,-0.04,1.02
105078,0,-0.04,1.01
105107,0.01,-0.04,1.02
105135,0,-0.04,1.02
105162,0,-0.04,1.02
105190,0,-0.04,1.01
105219,0,-0.04,1.01
105246,0.01,-0.04,1.02
105274,0,-0.04,1.02
105302,0.01,-0.05,1.01
105329,0.01,-0.04,1
105358,0.01,-0.04,1.02
105385,0.01,-0.03,1.02
105413,0.01,-0.03,1.01
105441,0,-0.04,1.02
105469,0.01,-0.04,1.02
105497,0.01,-0.04,1.02
105525,0.01,-0.04,1.01
105552,0,-0.04,1
105580,0.01,-0.03,1.02
105609,0.01,-0.03,1.01
105636,0,-0.04,1.02
105664,0.01,-0.04,1.02
105692,0.01,-0.04,1
105720,0.01,-0.04,1.01
105748,0,-0.04,1.02
105776,0.01,-0.04,1.02
105803,0.01,-0.03,1.01
105832,0.01,-0.03,1.01
105860,0.01,-0.04,1.02
105887,0.01,-0.04,1.01
105915,0.01,-0.04,1.02
105943,0.01,-0.04,1.02
105971,0,-0.04,1.01
105999,0,-0.03,1.01
106027,0.01,-0.04,1.02
106054,0.01,-0.04,1.02
106083,0.01,-0.04,1.01
106110,0.01,-0.04,1.01
106138,0,-0.04,1.01
106166,0.01,-0.04,1.01
106193,0.01,-0.04,1.02
106222,0,-0.04,1.01
106250,0.01,-0.04,1.01
106277,0.01,-0.04,1.02
106305,0.01,-0.04,1.02
106333,0.01,-0.04,1.02
106361,0.01,-0.03,1.02
106389,0.01,-0.04,1.01
106417,0.01,-0.04,1.02
106444,0.01,-0.04,1.01
106473,0.01,-0.04,1.02
106501,0.01,-0.04,1.01
106528,0.01,-0.03,1.02
106556,0,-0.04,1.01
106585,0,-0.04,1.02
106612,0.01,-0.04,1.01
106640,0,-0.04,1.02
106668,0.01,-0.03,1.01
106695,0.01,-0.04,1.01
106724,0,-0.05,1.01
106752,0.01,-0.04,1.02
106779,0.01,-0.04,1.01
106807,0,-0.04,1.01
106835,0.01,-0.04,1.02
106863,0.01,-0.04,1.02
106891,0.01,-0.03,1.02
106918,0.01,-0.04,1.02
106946,0.01,-0.04,1.02
106975,0,-0.03,1.01
107002,0.01,-0.03,1.01
107030,0.01,-0.04,1.01
107058,0.01,-0.03,1.01
107086,0.01,-0.04,1.02
107114,0,-0.04,1.02
107142,0.01,-0.04,1.02
107169,0.01,-0.04,1.02
107198,0.01,-0.03,1.01
107226,0.01,-0.04,1.01
107253,0.01,-0.04,1.02
107281,0.01,-0.04,1.02
107309,0.01,-0.04,1.02
107337,0,-0.04,1.01
107365,0.01,-0.04,1.02
107393,0.01,-0.04,1.01
107420,0,-0.04,1.02
107449,0,-0.03,1.01
107476,0.01,-0.04,1.02
107504,0.01,-0.04,1.01
107532,0.01,-0.04,1.02
107559,0,-0.04,1.02
107588,0.01,-0.04,1.02
107616,0.01,-0.04,1.01
107643,0.01,-0.04,1.02
107671,0,-0.04,1.02
107700,0,-0.04,1.01
107727,0.01,-0.04,1.02
107755,0.01,-0.03,1.01
107783,0.01,-0.04,1.02
107811,0.01,-0.05,1.03
107839,0.01,-0.04,1.02
107867,0,-0.04,1.01
107895,0,-0.03,1.01
107923,0.01,-0.04,1.02
107952,0.01,-0.04,1.01
107979,0,-0.04,1.02
108007,0,-0.04,1.02
108035,0,-0.03,1.01
108063,0.01,-0.04,1.02
108091,0.01,-0.04,1.02
108119,0,-0.04,1.01
108146,0,-0.05,1.02
108175,0.01,-0.03,1.02
108204,0,-0.04,1.01
108231,0,-0.04,1.02
108259,0,-0.04,1.02
108286,0.01,-0.04,1.01
108315,0.01,-0.03,1.02
108343,0.01,-0.04,1.02
108370,0,-0.04,1
108398,0.01,-0.04,1.01
108426,0.01,-0.04,1.01
108454,0.01,-0.04,1.01
108482,0.01,-0.03,1.01
108510,0.01,-0.04,1.01
108537,0,-0.04,1.01
108566,0.01,-0.04,1.02
108594,0.01,-0.04,1.01
108621,0,-0.04,1.02
108649,0.01,-0.04,1.01
108677,0.01,-0.04,1.01
108705,0.01,-0.04,1.01
108733,0.01,-0.04,1.01
108761,0,-0.04,1.01
108788,0.01,-0.04,1.02
108817,0.01,-0.04,1.02
108845,0.01,-0.04,1.01
108872,0,-0.04,1.01
108900,0,-0.04,1.02
108928,0.01,-0.03,1.01
108956,0.01,-0.04,1.01
108984,0,-0.04,1.01
109011,0.01,-0.04,1.01
109039,0.01,-0.04,1.02
109068,0.01,-0.04,1.01
109095,0.01,-0.04,1.02
109123,0.01,-0.03,1.02
109151,0.01,-0.03,1
109178,0,-0.04,1.01
109207,-0.01,-0.04,1.02
109236,0.01,-0.04,1.02
109263,0.01,-0.03,1.01
109291,0.01,-0.04,1
109320,0.01,-0.04,1.02
109347,0,-0.04,1.01
109375,0.01,-0.04,1.01
109403,0.01,-0.04,1.02
109431,0.01,-0.04,1.01
109459,0.01,-0.04,1.01
109487,0.01,-0.04,1.02
109514,0,-0.04,1.01
109542,0.01,-0.04,1.01
109571,0.01,-0.04,1.02
109598,0.01,-0.04,1.02
109626,0,-0.04,1.01
109655,0,-0.04,1.01
109684,0.01,-0.04,1.01
109712,0.01,-0.04,1.02
109740,0,-0.03,1.01
109767,0.01,-0.04,1.02
109796,0.01,-0.03,1.01
109824,0,-0.04,1.03
109851,0.01,-0.04,1.02
109879,0.01,-0.04,1.01
109906,0.01,-0.04,1.01
109935,0.01,-0.04,1.01
109963,0.01,-0.04,1.02
109990,0.01,-0.04,1.01
110018,0.01,-0.04,1.01
110047,0.01,-0.03,1.02
110074,0.01,-0.04,1.01
110102,0.01,-0.04,1.01
110130,0.01,-0.04,1.01
110157,0.01,-0.04,1.02
110186,0,-0.04,1.01
110214,0,-0.04,1.01
110241,0.01,-0.04,1.02
110269,0.02,-0.04,1.01
110298,0,-0.04,1.01
110325,0.01,-0.04,1.02
110353,0.01,-0.04,1.03
110381,0.01,-0.03,1.01
110409,0.01,-0.04,1.01
110437,0.01,-0.04,1.01
110465,0.01,-0.04,1.01
110492,0,-0.04,1.02
110520,0.01,-0.04,1.01
110548,0.01,-0.04,1.01
110576,0.01,-0.04,1.02
110604,0,-0.04,1.01
110631,0,-0.04,1.02
110660,0.01,-0.04,1.02
110688,0.01,-0.04,1.02
110715,0.01,-0.04,1.01
110743,0.01,-0.04,1.01
110771,0.01,-0.04,1.02
110799,0.01,-0.04,1.02
110827,0.01,-0.04,1.02
110855,0.01,-0.04,1.02
110882,0.01,-0.04,1.02
110911,0.01,-0.04,1.02
110939,0,-0.04,1.02
110966,0.01,-0.04,1
110994,0.01,-0.04,1.02
111022,0,-0.04,1.01
111050,0,-0.04,1.02
111078,0.01,-0.04,1.01
111106,0,-0.04,1.02
111133,0.01,-0.04,1.02
111162,0.01,-0.04,1.02
111190,0.01,-0.04,1.01
111217,0.01,-0.04,1.02
111245,0,-0.04,1.02
111273,0.01,-0.04,1.02
111301,0.01,-0.03,1.01
111329,0,-0.04,1.02
111356,0.01,-0.03,1.01
111384,0.01,-0.04,1.02
111413,0.01,-0.04,1.01
111440,0.01,-0.04,1.03
111468,0.01,-0.05,1.02
111496,0.01,-0.04,1.02
111524,0,-0.04,1.02
111552,0.01,-0.04,1.01
111580,0.01,-0.04,1.01
111607,0,-0.05,1.01
111635,0.01,-0.03,1.01
111664,0.01,-0.04,1.01
111691,0,-0.04,1.02
111719,0,-0.04,1.01
111748,0.01,-0.03,1.02
111776,0.01,-0.04,1.01
111804,0,-0.04,1.01
111832,0.01,-0.04,1.01
111859,0.01,-0.04,1.01
111887,0,-0.04,1.02
111916,0.01,-0.03,1.02
111943,0,-0.04,1.02
111971,0.01,-0.03,1.01
111998,0.01,-0.03,1
112027,0.01,-0.03,1.02
112055,0,-0.04,1.02
112082,0.01,-0.03,1.02
112110,0.01,-0.04,1.01
112138,0.01,-0.04,1.01
112166,0,-0.04,1.01
112194,0,-0.04,1.02
112223,0.01,-0.04,1.03
112250,0.01,-0.04,1.01
112279,0.01,-0.04,1.01
112307,0.01,-0.04,1.01
112334,0,-0.04,1.02
112362,0.01,-0.04,1.01
112390,0.01,-0.04,1.02
112418,0.01,-0.04,1.01
112446,0,-0.04,1.01
112475,0,-0.04,1.01
112502,0.01,-0.04,1.02
112531,0.01,-0.04,1.01
112559,0,-0.04,1.01
112586,0,-0.04,1.01
112614,0.01,-0.03,1.02
112643,0.01,-0.04,1.02
112670,0.01,-0.04,1.02
112698,0.01,-0.04,1.01
112726,0.01,-0.04,1.02
112753,0.01,-0.04,1.02
112782,0.01,-0.04,1.01
112809,0.01,-0.04,1.02
112837,0.01,-0.04,1.01
112865,0,-0.04,1.02
112893,0,-0.04,1.02
112921,0,-0.04,1.01
112949,0,-0.03,1.02
112976,0,-0.04,1.01
113004,0,-0.04,1.02
113033,0.01,-0.04,1.01
113060,0.01,-0.04,1.01
113088,0.01,-0.04,1.02
113116,0,-0.04,1.02
113144,0.01,-0.04,1.01
113172,0,-0.04,1.02
113200,0,-0.04,1.01
113227,0.01,-0.04,1.01
113255,0,-0.03,1.02
113284,0.01,-0.04,1.02
113311,0.01,-0.03,1.01
113339,0.01,-0.04,1.01
113367,0.01,-0.04,1.02
113395,0.01,-0.04,1.01
113423,0.01,-0.04,1.01
113451,0,-0.04,1.01
113478,0.01,-0.04,1.01
113506,0.01,-0.04,1.01
113534,0,-0.04,1.02
113562,0.01,-0.04,1.01
113590,0.01,-0.04,1.01
113617,0,-0.04,1.01
113646,0.01,-0.04,1.02
113674,0.01,-0.04,1.02
113701,0.01,-0.04,1.01
113729,0.01,-0.04,1.01
113758,0.01,-0.04,1.02
113785,0.01,-0.04,1.01
113813,0.01,-0.04,1.02
113841,0.01,-0.04,1.01
113868,0.01,-0.04,1.02
113897,0.01,-0.04,1.01
113925,0.01,-0.04,1.02
113952,0,-0.04,1.01
113980,0.01,-0.04,1.01
114009,0,-0.04,1.01
114036,0.01,-0.04,1.02
114064,0.01,-0.04,1.01
114092,0,-0.04,1.01
114119,0.01,-0.03,1.01
114148,0,-0.04,1.01
114176,0.01,-0.04,1.01
114203,0.01,-0.04,1.01
114231,0.01,-0.04,1.02
114259,0.01,-0.03,1.02
114287,0.01,-0.03,1.02
114315,0,-0.03,1.01
114342,0,-0.04,1.01
114370,0,-0.04,1.02
114400,0,-0.04,1.01
114427,0,-0.04,1.01
114455,0.01,-0.03,1.01
114483,0.01,-0.04,1.01
114511,0,-0.04,1.01
114539,0.01,-0.03,1.02
114567,0.01,-0.03,1.01
114594,0.01,-0.04,1.02
114622,0.01,-0.04,1.01
114651,0,-0.04,1.02
114678,0,-0.04,1.02
114706,0.01,-0.04,1.02
114734,0,-0.04,1.01
114762,0,-0.04,1.01
114790,0.01,-0.04,1.01
114818,0,-0.03,1.02
114845,0,-0.04,1.02
114873,0.01,-0.04,1.02
114902,0.01,-0.04,1.02
114929,0,-0.04,1.02
114957,0.01,-0.04,1.01
114984,0,-0.04,1.01
115014,0.01,-0.04,1.02
115042,0,-0.04,1.01
115069,0.01,-0.04,1.02
115097,0,-0.04,1.01
115126,0,-0.04,1.01
115153,0.01,-0.04,1.02
115181,0,-0.04,1.01
115209,0.01,-0.03,1.02
115236,0.01,-0.04,1.02
115265,0.01,-0.04,1.01
115293,0.01,-0.04,1.02
115320,0.01,-0.04,1.02
115348,0.01,-0.04,1.02
115377,0,-0.04,1.02
115404,0.01,-0.03,1.02
115432,0.01,-0.04,1.02
115460,0.01,-0.04,1.01
115487,0.01,-0.03,1.02
115516,0.01,-0.04,1.01
115544,0,-0.04,1.02
115571,0.01,-0.04,1.01
115599,0,-0.04,1.02
115628,0.01,-0.04,1.02
115655,0.01,-0.04,1.01
115683,0.01,-0.04,1.01
115710,0,-0.04,1.02
115740,0,-0.04,1.02
115768,0.01,-0.04,1.02
115795,0,-0.04,1
115823,0.01,-0.04,1.02
115851,0,-0.04,1.01
115879,0,-0.04,1.01
115908,0,-0.03,1.02
115936,0,-0.04,1.01
115964,0,-0.04,1.02
115994,0.01,-0.04,1.01
116022,0.01,-0.03,1.01
116049,0.01,-0.04,1.02
116077,0.01,-0.04,1.01
116106,0.01,-0.04,1.02
116133,0.01,-0.04,1.02
116161,0,-0.04,1.01
116189,0.01,-0.04,1.01
116216,0,-0.04,1.02
116246,0,-0.04,1.01
116274,0,-0.04,1.02
116301,0.01,-0.04,1.01
116329,0,-0.03,1
116358,0,-0.04,1.02
116385,0.01,-0.04,1.02
116413,0.01,-0.04,1.02
116441,0,-0.04,1.01
116468,0.01,-0.03,1.02
116497,0.01,-0.04,1.01
116525,0.01,-0.04,1.01
116552,0.01,-0.04,1.01
116580,0,-0.04,1.01
116609,0.01,-0.04,1.02
116636,0.01,-0.04,1.01
116664,0.01,-0.04,1.01
116691,0,-0.04,1.01
116719,0.01,-0.04,1.02
116748,0.01,-0.04,1.01
116775,0.01,-0.04,1.02
116803,0,-0.04,1.01
116831,0.01,-0.04,1.02
116859,0.01,-0.04,1.02
116887,0,-0.03,1.02
116915,0,-0.04,1.01
116942,0,-0.04,1.01
116970,0,-0.03,1.02
116999,0,-0.04,1.01
117026,0.01,-0.04,1.01
117054,0,-0.04,1.01
117082,0.01,-0.04,1
117109,0,-0.04,1.01
117138,0.01,-0.03,1.02
117166,0,-0.04,1.02
117193,0,-0.04,1.02
117221,0.01,-0.04,1.01
117250,0,-0.03,1.01
117277,0.01,-0.05,1.02
117305,0,-0.03,1.01
117332,0.01,-0.04,1.02
117361,0.01,-0.04,1.01
117389,0.01,-0.04,1.01
117416,0.01,-0.04,1.02
117444,0,-0.04,1.01
117472,0.01,-0.03,1.01
117500,0,-0.03,1.03
117528,0.01,-0.04,1.02
117556,0.01,-0.04,1.01
117583,0.01,-0.04,1.01
117612,0.01,-0.03,1.02
117640,0,-0.04,1.02
117667,0.01,-0.04,1.02
117695,0.01,-0.04,1.01
117723,0,-0.03,1.02
117751,0.01,-0.04,1.02
117779,0,-0.04,1.01
117807,0.01,-0.03,1.01
117834,0,-0.04,1.01
117863,0.01,-0.03,1.02
117891,0,-0.04,1.02
117918,0.01,-0.04,1.02
117946,0.01,-0.04,1.01
117974,0,-0.04,1.01
118002,0.01,-0.04,1.01
118030,0.01,-0.04,1.01
118057,0.01,-0.03,1.02
118085,0.01,-0.04,1.01
118114,0.01,-0.04,1.01
118141,0.01,-0.03,1.01
118169,0,-0.04,1.01
118197,0,-0.04,1.01
118224,0,-0.03,1.01
118253,0,-0.04,1.02
118281,0.01,-0.04,1.02
118308,0.01,-0.04,1.02
118336,0.01,-0.04,1.01
118365,0.01,-0.04,1.01
118392,0,-0.04,1.01
118420,0.01,-0.04,1.02
118448,0.01,-0.04,1.02
118475,0.01,-0.04,1.01
118504,0.01,-0.04,1.01
118532,0,-0.04,1.02
118559,0.01,-0.04,1.01
118587,0.01,-0.04,1.02
118616,0.01,-0.04,1.01
118643,0.01,-0.03,1.01
118671,0,-0.04,1.02
118699,0,-0.03,1.02
118726,0.01,-0.04,1.01
118755,0,-0.04,1.02
118782,0.01,-0.04,1.02
118810,0,-0.04,1.01
118838,0,-0.04,1.02
118866,0.01,-0.03,1.02
118894,0.01,-0.04,1
118922,0,-0.04,1.01
118949,0.01,-0.04,1.03
118978,0.01,-0.04,1.02
119006,0.01,-0.04,1.01
119033,0,-0.03,1.01
119061,0.01,-0.04,1.02
119089,0.01,-0.05,1.02
119117,0.01,-0.03,1.01
119145,0.01,-0.03,1.01
119173,0.01,-0.03,1.02
119200,0.01,-0.04,1.01
119229,0.01,-0.04,1.01
119257,0.01,-0.04,1.01
119284,0,-0.04,1.01
119313,0.01,-0.04,1.02
119342,0,-0.04,1.01
119369,0.01,-0.04,1.02
119397,0,-0.05,1.01
119425,0,-0.04,1.01
119452,0.01,-0.04,1.01
119481,0.01,-0.04,1.01
119508,0.01,-0.04,1.02
119536,0.01,-0.03,1.02
119564,0.01,-0.04,1.01
119592,0.01,-0.04,1.02
119620,0.01,-0.04,1.02
119648,0,-0.04,1.02
119675,0.01,-0.04,1.02
119703,0,-0.04,1.01
119732,0,-0.04,1.02
119759,0,-0.04,1.02
119787,0.01,-0.04,1.01
119815,0.01,-0.04,1
119843,0.01,-0.04,1.03
119871,0.01,-0.04,1.01
119899,0.01,-0.04,1.01
119926,0.01,-0.04,1.01
119954,0,-0.04,1.01
119983,0.01,-0.04,1.02
120010,0.01,-0.04,1.02
120038,0,-0.04,1.01
120066,0,-0.03,1.01
120095,0.01,-0.04,1.01
120123,0.01,-0.04,1.02
120151,0,-0.03,1.02
120178,0.01,-0.04,1.02
120206,0.01,-0.03,1.01
120235,0.01,-0.04,1.02
120262,0,-0.04,1.03
120290,0,-0.04,1.01
120317,0,-0.04,1.01
120346,0.01,-0.04,1.01
120374,0,-0.04,1.01
120401,0.01,-0.04,1.02
120429,0.01,-0.04,1.01
120457,0,-0.04,1.01
120485,0.01,-0.04,1.01
120513,0.01,-0.04,1.01
120541,0,-0.03,1.02
120568,0,-0.04,1.02
120598,0,-0.03,1.01
120626,0.01,-0.04,1.01
120653,0,-0.03,1.01
120682,0.01,-0.03,1.01
120710,0,-0.04,1.01
120738,0.01,-0.04,1.01
120766,0.01,-0.04,1
120794,0,-0.04,1.01
120821,0.01,-0.04,1.02
120850,0.01,-0.04,1.02
120878,0.01,-0.04,1.02
120905,0,-0.04,1.02
120933,0,-0.04,1.02
120962,0.01,-0.04,1.01
120989,0.01,-0.04,1.02
121017,0,-0.04,1.02
121044,0.01,-0.04,1.02
121072,0.01,-0.04,1.01
121101,0,-0.04,1.01
121128,0.01,-0.04,1.01
121156,0,-0.04,1.01
121184,0.01,-0.03,1.01
121212,0.01,-0.04,1.02
121240,0,-0.04,1.02
121268,0.01,-0.04,1.02
121295,0,-0.03,1.01
121323,0,-0.04,1
121352,0,-0.05,1.02
121379,0.01,-0.03,1.02
121407,0.01,-0.04,1.01
121435,0,-0.04,1.01
121463,0.01,-0.04,1.01
121491,0,-0.04,1.02
121519,0,-0.04,1.02
121546,0.01,-0.04,1.02
121574,0.01,-0.04,1.02
121603,0.01,-0.04,1.02
121630,0.01,-0.04,1
121658,0,-0.04,1.01
121686,0.01,-0.04,1.01
121714,0,-0.04,1.01
121742,0,-0.04,1.01
121769,0,-0.04,1.02
121797,0,-0.04,1.02
121826,0.01,-0.04,1.01
121854,0.01,-0.04,1.02
121882,0.01,-0.04,1
121910,0.01,-0.04,1.02
121937,0,-0.04,1.02
121966,0.01,-0.04,1.01
121994,0.01,-0.04,1.01
122021,0,-0.04,1.02
122049,0.01,-0.04,1.02
122077,0,-0.04,1.02
122105,0,-0.04,1.01
122133,0,-0.04,1.01
122161,0.01,-0.04,1.01
122188,0.01,-0.04,1.02
122217,0.01,-0.04,1.02
122245,0.01,-0.04,1.02
122272,0,-0.04,1.01
122300,0,-0.04,1.01
122330,0,-0.04,1.02
122358,0.01,-0.03,1.02
122386,0,-0.03,1.02
122414,0.01,-0.03,1
122441,0.01,-0.04,1.01
122470,0,-0.04,1.03
122498,0,-0.04,1.01
122525,0.01,-0.04,1.01
122553,0,-0.04,1.02
122582,0.01,-0.04,1.02
122609,0,-0.04,1.02
122637,0,-0.04,1.02
122664,0.01,-0.04,1.02
122692,0.01,-0.04,1.01
122721,0.01,-0.04,1.01
122748,0,-0.03,1.01
122776,0.01,-0.04,1
122804,0.01,-0.04,1.01
122831,0.01,-0.03,1.02
122860,0,-0.03,1.01
122888,0.01,-0.04,1.02
122915,0.01,-0.03,1.01
122943,0.01,-0.04,1.02
122972,0.01,-0.04,1.02
122999,0.01,-0.04,1.01
123027,0,-0.04,1.02
123055,0.01,-0.04,1.02
123082,0,-0.04,1.01
123111,0.01,-0.04,1.01
123139,0,-0.03,1.01
123166,0.01,-0.03,1.01
123194,0.01,-0.03,1.02
123223,0.01,-0.04,1.02
123250,0.01,-0.04,1.01
123278,0.01,-0.04,1.01
123305,0.01,-0.04,1.02
123334,0.01,-0.03,1.02
123362,0.01,-0.03,1.01
123389,0,-0.04,1.02
123417,0.01,-0.04,1.02
123445,0,-0.04,1.02
123473,0.01,-0.04,1.02
123501,0.01,-0.03,1.01
123529,0,-0.04,1.02
123556,0.01,-0.04,1.01
123585,0.01,-0.04,1.01
123613,0.01,-0.04,1.01
123640,0,-0.04,1.01
123668,0.01,-0.04,1.02
123696,0.01,-0.04,1.02
123724,0.01,-0.04,1.01
123752,0.01,-0.04,1.02
123780,0,-0.04,1.01
123807,0.01,-0.04,1.01
123836,0.01,-0.04,1.02
123864,0,-0.04,1.01
123891,0.01,-0.04,1.02
123919,0.01,-0.04,1.02
123947,0,-0.04,1.01
123975,0,-0.04,1.01
124003,0.01,-0.04,1.02
124030,0.01,-0.04,1.02
124058,0.01,-0.03,1.01
124087,0,-0.05,1.02
124114,0.01,-0.04,1.01
124142,0.01,-0.04,1.02
124170,0.01,-0.04,1.02
124197,0,-0.04,1.02
124226,0,-0.04,1.02
124254,0.01,-0.04,1
124281,0,-0.03,1.01
124309,0.01,-0.04,1.01
124338,0.01,-0.03,1.02
124365,0,-0.03,1.02
124393,0.01,-0.04,1.01
124421,0.01,-0.04,1.02
124448,0.01,-0.04,1.01
124477,0,-0.04,1.01
124505,0.01,-0.03,1.01
124532,0.01,-0.04,1.02
124560,0.01,-0.04,1.01
124589,0.01,-0.04,1.03
124616,0.01,-0.04,1.01
124644,0.01,-0.03,1.02
124672,0.01,-0.04,1.02
124700,0,-0.04,1.02
124728,0,-0.04,1.02
124755,0.01,-0.04,1.02
124783,0.01,-0.04,1.02
124811,0,-0.04,1.01
124840,0,-0.04,1.02
124868,0,-0.04,1.02
124896,0.01,-0.03,1.01
124923,0.01,-0.04,1.02
124952,0.01,-0.04,1.01
124980,0.01,-0.04,1.02
125007,0.01,-0.04,1.01
125035,0.01,-0.03,1.02
125063,0,-0.04,1.01
125092,0.01,-0.03,1.01
125120,0.01,-0.03,1.01
125148,0.01,-0.03,1.01
125175,0.01,-0.04,1.02
125204,0.01,-0.04,1.02
125232,0,-0.04,1.01
125260,0.01,-0.04,1.01
125288,0.01,-0.03,1.01
125317,0.01,-0.04,1.02
125344,0.01,-0.04,1.02
125372,0,-0.04,1.02
125400,0,-0.04,1.02
125427,0.01,-0.04,1.02
125456,0,-0.04,1.01
125484,0,-0.04,1.03
125511,0,-0.03,1.01
125539,0.01,-0.03,1.02
125568,0,-0.04,1.02
125595,0,-0.04,1.01
125623,0,-0.04,1.02
125650,0.01,-0.04,1.03
125678,0.01,-0.04,1.01
125707,0.01,-0.03,1.01
125734,0.01,-0.04,1.01
125762,0.01,-0.04,1.02
125790,0.01,-0.04,1.02
125818,0.01,-0.04,1.01
125846,0,-0.04,1.01
125874,0,-0.04,1.01
125901,0,-0.04,1.02
125929,0,-0.04,1.01
125958,0.01,-0.04,1.01
125985,0.01,-0.04,1.02
126013,0.01,-0.03,1
126041,0,-0.04,1.01
126069,0,-0.04,1
126097,0.01,-0.04,1.02
126125,0.01,-0.04,1.02
126152,0.01,-0.04,1.02
126180,0,-0.04,1.01
126209,0,-0.04,1.01
126236,0,-0.04,1.01
126264,0.01,-0.03,1.02
126291,0.01,-0.03,1.03
126320,0.01,-0.04,1.01
126348,0,-0.04,1.02
126375,0.01,-0.04,1.01
126403,0,-0.04,1.01
126432,0.01,-0.04,1
126459,0,-0.04,1.01
126487,0.01,-0.04,1.01
126515,0,-0.04,1.01
126542,0,-0.04,1.02
126571,0,-0.04,1.02
126599,0,-0.04,1.02
126626,0.01,-0.04,1.02
126654,0.01,-0.04,1.01
126682,0,-0.03,1.01
126710,0.01,-0.04,1.01
126738,0.01,-0.04,1.02
126766,0.01,-0.04,1.01
126793,0,-0.04,1.02
126822,0.01,-0.03,1.01
126850,0,-0.04,1.01
126877,0,-0.03,1.02
126905,0,-0.04,1.01
126932,0,-0.04,1.02
126961,0,-0.04,1.01
126989,0.01,-0.04,1.02
127016,0.01,-0.04,1.01
127044,0.01,-0.04,1.01
127073,0.01,-0.04,1.01
127100,0.01,-0.04,1.01
127128,0.01,-0.04,1.01
127156,0.01,-0.04,1.01
127184,0.01,-0.04,1.01
127212,0,-0.04,1.02
127240,0.01,-0.03,1.01
127267,0.01,-0.04,1.02
127295,0,-0.04,1.02
127324,0.01,-0.04,1
127351,0.01,-0.04,1.01
127379,0.01,-0.03,1.02
127407,0.01,-0.03,1.02
127435,0,-0.04,1.01
127463,0,-0.04,1.01
127491,0.01,-0.05,1.02
127518,0.01,-0.04,1.01
127546,0,-0.04,1.02
127575,0.01,-0.03,1.02
127602,0.01,-0.04,1.03
127630,0.01,-0.04,1.02
127657,0.01,-0.04,1.01
127686,0.01,-0.03,1.01
127714,0.01,-0.04,1.01
127741,0.01,-0.04,1.01
127769,0.01,-0.04,1.01
127798,0.01,-0.04,1.01
127825,0,-0.04,1.01
127853,0,-0.05,1.02
127881,0.01,-0.04,1.01
127908,0.01,-0.04,1.01
127937,0,-0.04,1.01
127966,0.01,-0.04,1.02
127993,0.01,-0.03,1.02
128021,0.01,-0.04,1.02
128050,0.01,-0.04,1.01
128077,0.01,-0.04,1.01
128105,0.01,-0.04,1.02
128133,0.01,-0.04,1.01
128160,0.01,-0.04,1.02
128189,0.01,-0.03,1.02
128217,0,-0.04,1.01
128244,0.01,-0.04,1.02
128272,0.01,-0.04,1.02
128301,0.01,-0.04,1.01
128328,0.01,-0.04,1.02
128356,0.01,-0.04,1.01
128384,0.01,-0.04,1.01
128411,0,-0.04,1.02
128440,0,-0.04,1.02
128468,0.01,-0.04,1.02
128496,0,-0.04,1.02
128524,0.01,-0.04,1.01
128552,0,-0.04,1.01
128580,0.01,-0.04,1.01
128608,0.01,-0.03,1.01
128635,0,-0.05,1.01
128664,0.01,-0.04,1.01
128692,0,-0.04,1.02
128719,0.01,-0.04,1.01
128747,0,-0.04,1.02
128775,0.01,-0.04,1.02
128802,0,-0.04,1.02
128831,0,-0.05,1.01
128859,0.01,-0.04,1.01
128886,0,-0.04,1.02
128914,0.01,-0.04,1.02
128943,0.01,-0.04,1.01
128970,0.01,-0.04,1.01
128998,0.02,-0.04,1.01
129026,0.01,-0.04,1.01
129054,0.01,-0.04,1.02
129082,0.01,-0.03,1.02
129110,0.01,-0.04,1.01
129137,0,-0.03,1.01
129165,0,-0.04,1.01
129193,0.01,-0.04,1.01
129221,0.01,-0.04,1.01
129249,0,-0.04,1.01
129276,0,-0.04,1.02
129305,0,-0.04,1.02
129333,0,-0.04,1.02
129360,0.01,-0.04,1.02
129388,0.01,-0.04,1.01
129416,0,-0.04,1.02
129444,0,-0.03,1.02
129472,0,-0.03,1.02
129500,0.01,-0.03,1.02
129527,0.01,-0.03,1.01
129556,0.01,-0.03,1.01
129584,0,-0.03,1.02
129611,0,-0.04,1.02
129639,0,-0.04,1.02
129667,0.01,-0.04,1.02
129695,0,-0.04,1.02
129723,0.01,-0.05,1.01
129751,0.01,-0.04,1.01
129778,0,-0.04,1.01
129806,0,-0.04,1.02
129835,0.01,-0.04,1.01
129862,0.01,-0.04,1.02
129890,0,-0.04,1.01
129917,0,-0.04,1.02
129946,0,-0.04,1.03
129974,0.01,-0.03,1.01
130001,0.01,-0.04,1.02
130029,0,-0.04,1
130057,0,-0.04,1.01
130085,0.01,-0.04,1.01
130113,0.01,-0.04,1.01
130141,0.01,-0.04,1.01
130168,0.01,-0.03,1.02
130197,0.01,-0.04,1.02
130225,0,-0.04,1.01
130252,0,-0.04,1.02
130280,0,-0.04,1.02
130308,0.01,-0.04,1.01
130336,0,-0.04,1.01
130364,0.01,-0.04,1.02
130392,0,-0.04,1.02
130420,0,-0.03,1.01
130449,0.01,-0.04,1.01
130477,0.01,-0.04,1.02
130504,0,-0.03,1.01
130532,0.02,-0.04,1.02
130561,0.01,-0.04,1.02
130588,0,-0.04,1.02
130616,0.01,-0.04,1.01
130643,0.01,-0.04,1.01
130671,0.01,-0.04,1.01
130700,0,-0.04,1.01
130727,0.01,-0.04,1.02
130755,0.01,-0.04,1.02
130783,0.01,-0.04,1.01
130811,0.01,-0.04,1.01
130839,0.01,-0.04,1.02
130867,0.01,-0.04,1.03
130894,0.01,-0.04,1.01
130922,0,-0.04,1.01
130951,0,-0.04,1.02
130978,0,-0.04,1.02
131006,0.01,-0.04,1.01
131034,0,-0.04,1.01
131062,0.01,-0.04,1.02
131090,0.01,-0.03,1.02
131118,0.01,-0.04,1.01
131145,0.01,-0.04,1
131173,0.01,-0.04,1.02
131202,0,-0.03,1.01
131229,0.01,-0.04,1.02
131257,0,-0.04,1.02
131284,0,-0.04,1.01
131313,0.01,-0.04,1.02
131341,0,-0.04,1.01
131368,0,-0.04,1.01
131396,0.01,-0.04,1.01
131424,0.01,-0.04,1.01
131452,0,-0.04,1.03
131480,0.01,-0.04,1.01
131508,0.01,-0.03,1.02
131535,0.01,-0.04,1.01
131564,0,-0.04,1.02
131592,0,-0.04,1.02
131619,0.01,-0.04,1.02
131647,0.01,-0.04,1.02
131675,0.01,-0.04,1.01
131703,0.01,-0.03,1.01
131731,0,-0.03,1.01
131759,0,-0.03,1.02
131786,0,-0.04,1.01
131814,0.01,-0.04,1.02
131843,0,-0.04,1.01
131870,0,-0.04,1.01
131898,0,-0.04,1.01
131927,0,-0.04,1.02
131955,0.01,-0.04,1.02
131983,0.01,-0.03,1.01
132011,0,-0.04,1.01
132038,0.01,-0.04,1.02
132067,0.01,-0.03,1.02
132094,0.01,-0.04,1.02
132122,0.01,-0.03,1.01
132150,0,-0.04,1.02
132177,0.01,-0.04,1.02
132206,0,-0.03,1.01
132234,0,-0.04,1.03
132261,0,-0.03,1.01
132289,0,-0.04,1.02
132318,0,-0.05,1.01
132345,0.01,-0.04,1.01
132373,0,-0.04,1.01
132401,0.01,-0.04,1.01
132428,0.01,-0.04,1.02
132457,0,-0.04,1.02
132486,0,-0.04,1.02
132513,0,-0.04,1.01
132541,0,-0.04,1.02
132569,0.01,-0.04,1.01
132597,0.01,-0.04,1.01
132625,0.01,-0.03,1.01
132653,0.01,-0.04,1
132680,0.01,-0.04,1.02
132709,0,-0.04,1.02
132737,0.01,-0.03,1.02
132764,0.01,-0.04,1.02
132792,0.01,-0.04,1.02
132820,0.01,-0.04,1.01
132848,0.01,-0.04,1.02
132876,0.01,-0.04,1.02
132903,0,-0.04,1.02
132931,0.01,-0.04,1.02
132960,0.01,-0.04,1.02
132987,0,-0.03,1.02
133015,0,-0.04,1.02
133043,0.01,-0.03,1.01
133071,0,-0.04,1.02
133099,0.01,-0.04,1.01
133127,0,-0.04,1.01
133154,0,-0.03,1.02
133182,0.01,-0.04,1.03
133211,0,-0.04,1.02
133238,0.01,-0.04,1.02
133266,0.01,-0.04,1.01
133294,0.01,-0.04,1.02
133322,0,-0.04,1.02
133350,0.01,-0.04,1.02
133378,0.01,-0.04,1.02
133405,0.01,-0.04,1.01
133433,0.01,-0.04,1.02
133462,0,-0.04,1.01
133489,0.01,-0.03,1.01
133517,0.01,-0.04,1.01
133544,0,-0.04,1.01
133573,0,-0.04,1.01
133601,0.01,-0.04,1.02
133628,0.01,-0.04,1.01
133656,0.01,-0.04,1.02
133684,0.01,-0.04,1.02
133712,0,-0.04,1.02
133741,0.01,-0.04,1.02
133769,0,-0.04,1.02
133796,0.01,-0.03,1.01
133825,0.01,-0.04,1.01
133853,0.01,-0.04,1.01
133880,0.01,-0.04,1.02
133908,0.01,-0.04,1.02
133937,0,-0.04,1.01
133964,0,-0.04,1.01
133992,0,-0.04,1.01
134020,0.01,-0.04,1.02
134047,0,-0.04,1.01
134076,0,-0.04,1.02
134104,0,-0.04,1.02
134131,0.01,-0.04,1.02
134159,0,-0.04,1.01
134187,0,-0.03,1.01
134215,0.01,-0.04,1.01
134243,0.01,-0.04,1.02
134270,0,-0.04,1.02
134298,0,-0.04,1.01
134327,0.01,-0.04,1.02
134354,0,-0.03,1.01
134382,0.01,-0.04,1.02
134410,0,-0.04,1.02
134437,0.01,-0.04,1.01
134466,0.01,-0.03,1.02
134494,0,-0.04,1.01
134521,0,-0.04,1
134549,0.01,-0.04,1.02
134578,0.01,-0.04,1.01
134605,0,-0.04,1.01
134633,0.01,-0.04,1.02
134661,0,-0.04,1.01
134688,0,-0.04,1.02
134717,0.01,-0.04,1.01
134745,0,-0.04,1.01
134772,0.01,-0.04,1.02
134800,0,-0.04,1.02
134829,0.01,-0.04,1.01
134856,0.01,-0.04,1.02
134884,0.01,-0.04,1.02
134912,0.01,-0.04,1.02
134939,0.01,-0.04,1.01
134968,0,-0.04,1.02
134995,0.01,-0.04,1.02
135023,0,-0.03,1.01
135051,0.01,-0.04,1.01
135079,0,-0.03,1.02
135107,0,-0.04,1.02
135135,0.01,-0.04,1.01
